id,symbol,name,Cleaned_Symbol,Cleaned_Name,reddit_url
manta-network,manta,Manta Network,manta,mantanetwork,https://www.reddit.com/r/ethtrader/comments/1908kck/attention_airdrop_farmers_avoid_this_manta/
sentimentai,sent,SentimentAI,sent,sentimentai,https://www.reddit.com/r/CryptoScams/comments/1d1tx46/airdrop_scam_example_below_is_an_example_of_a/
portal-2,portal,Portal,portal,portal,https://www.reddit.com/r/CryptoCurrencyTrading/comments/1b263u4/portal_airdrop_scam/
newpepe,pepe,NEWPEPE,pepe,newpepe,https://i.redd.it/pfpxbwjy0nya1.jpg
2moon,moon,2MOON,moon,2moon,https://www.reddit.com/r/CryptoCurrency/comments/18sjdb5/psa_there_is_a_fake_moon_airdrop_scam_going/
reddit,reddit,Reddit,reddit,reddit,https://www.reddit.com/r/CryptoCurrency/comments/18sjdb5/psa_there_is_a_fake_moon_airdrop_scam_going/
gone,gone,Gone,gone,gone,https://i.redd.it/9z57rrdbq60d1.jpeg
hpohs888inu,tether,Hpohs888inu,tether,hpohs888inu,https://cointelegraph.com/news/tether-ceo-warns-crypto-airdrop-scam
newton-project,new,Newton Project,new,newtonproject,https://cointelegraph.com/news/tether-ceo-warns-crypto-airdrop-scam
wavelength,wave,Wavelength,wave,wavelength,https://cointelegraph.com/news/tether-ceo-warns-crypto-airdrop-scam
betbuinu,crypto,BetbuInu,crypto,betbuinu,https://cointelegraph.com/news/tether-ceo-warns-crypto-airdrop-scam
ai-x,x,AI-X,x,aix,https://www.reddit.com/r/cosmosnetwork/comments/18xsyr6/scam_on_x_for_airdrop_was_i_hacked/
betbuinu,crypto,BetbuInu,crypto,betbuinu,https://www.reddit.com/r/CryptoScams/comments/15wliwx/crypto_airdrop_scam_or_legit/
reddit,reddit,Reddit,reddit,reddit,https://www.reddit.com/r/ethtrader/comments/199qr8z/reddit_user_loses_250000_in_eth_to_crypto_airdrop/
bridged-binance-peg-ethereum-opbnb,eth,Bridged Binance-Peg Ethereum (opBNB),eth,bridgedbinancepegethereumopbnb,https://www.reddit.com/r/ethtrader/comments/199qr8z/reddit_user_loses_250000_in_eth_to_crypto_airdrop/
betbuinu,crypto,BetbuInu,crypto,betbuinu,https://www.reddit.com/r/ethtrader/comments/199qr8z/reddit_user_loses_250000_in_eth_to_crypto_airdrop/
nfstay,stay,NFsTay,stay,nfstay,https://www.reddit.com/r/ethtrader/comments/199qr8z/reddit_user_loses_250000_in_eth_to_crypto_airdrop/
basesafe,safe,BaseSafe,safe,basesafe,https://www.reddit.com/r/ethtrader/comments/199qr8z/reddit_user_loses_250000_in_eth_to_crypto_airdrop/
newton-project,new,Newton Project,new,newtonproject,https://www.reddit.com/r/Slothana/comments/1cwc8gq/new_scam_airdrop/
arbitrum,arb,Arbitrum,arb,arbitrum,https://www.reddit.com/r/shib/comments/13aoyp4/arb_airdrop_scam/
layer-network,layer,Layer Network,layer,layernetwork,https://www.reddit.com/r/CryptoScams/comments/168pl3t/layer_zero_airdrop_scam/
analysoor,zero,Analysoor,zero,analysoor,https://www.reddit.com/r/CryptoScams/comments/168pl3t/layer_zero_airdrop_scam/
newton-project,new,Newton Project,new,newtonproject,https://www.reddit.com/r/CryptoCurrency/comments/owag6y/theveraio_new_airdrop_scam_be_careful/
dogwifcoin,wif,dogwifhat,wif,dogwifhat,https://www.reddit.com/r/dogwifhat/comments/1d5g3ni/wif_airdrops_scam_for_sure_or_is_it_can_the/
insure,sure,inSure DeFi,sure,insuredefi,https://www.reddit.com/r/dogwifhat/comments/1d5g3ni/wif_airdrops_scam_for_sure_or_is_it_can_the/
seigniorage-shares,share,Seigniorage Shares,share,seigniorageshares,https://www.reddit.com/r/dogwifhat/comments/1d5g3ni/wif_airdrops_scam_for_sure_or_is_it_can_the/
tokenfi,token,TokenFi,token,tokenfi,https://www.reddit.com/r/Nodle/comments/18maqzx/beware_of_fake_token_airdrop_scams/
hashpack,pack,HashPack,pack,hashpack,https://www.reddit.com/r/Hedera/comments/z8shro/hashpack_airdrop_scam/
reddit,reddit,Reddit,reddit,reddit,https://i.redd.it/zs8cd617jnac1.png
betbuinu,crypto,BetbuInu,crypto,betbuinu,https://i.redd.it/zs8cd617jnac1.png
apenft,nft,APENFT,nft,apenft,https://www.reddit.com/r/solana/comments/tugf6p/nft_airdrop_scam/
apenft,nft,APENFT,nft,apenft,https://www.reddit.com/r/sui/comments/1bcogg9/suisse_nft_airdrop_legit_airdrop_or_scam/
betbuinu,crypto,BetbuInu,crypto,betbuinu,https://www.reddit.com/gallery/18x0c26
lost,lost,Lost,lost,lost,https://www.reddit.com/gallery/18x0c26
wortheum,worth,Wortheum,worth,wortheum,https://www.reddit.com/gallery/18x0c26
ethereum,eth,Ethereum,eth,ethereum,https://www.reddit.com/gallery/18x0c26
get-token,get,GET Protocol,get,getprotocol,https://www.reddit.com/r/Pulsechain/comments/s8u4dw/how_to_not_get_scammed_and_wake_up_to_an_empty/
ambire-wallet,wallet,Ambire Wallet,wallet,ambirewallet,https://www.reddit.com/r/Pulsechain/comments/s8u4dw/how_to_not_get_scammed_and_wake_up_to_an_empty/
betbuinu,crypto,BetbuInu,crypto,betbuinu,https://www.reddit.com/gallery/1cf1xc1
betbuinu,crypto,BetbuInu,crypto,betbuinu,https://www.reddit.com/r/Scams/comments/18gefm1/my_father_is_in_a_crypto_scam/
betbuinu,crypto,BetbuInu,crypto,betbuinu,https://www.reddit.com/r/Scams/comments/1bdzvml/possible_crypto_scam/
betbuinu,crypto,BetbuInu,crypto,betbuinu,https://www.reddit.com/r/whatsapp/comments/1arwuv9/whatsapp_crypto_scam/
mother-iggy,mother,Mother Iggy,mother,motheriggy,https://i.redd.it/zm2ueld5p2lc1.jpeg
octavia,via,Octavia,via,octavia,https://i.redd.it/zm2ueld5p2lc1.jpeg
friend-tech,friend,Friend.tech,friend,friendtech,https://www.reddit.com/r/Scams/comments/18mg88c/friend_of_mine_i_believe_has_fallen_victim_to_a/
minerva-money,mine,Minerva Money,mine,minervamoney,https://www.reddit.com/r/Scams/comments/18mg88c/friend_of_mine_i_believe_has_fallen_victim_to_a/
betbuinu,crypto,BetbuInu,crypto,betbuinu,https://www.reddit.com/r/Scams/comments/18mg88c/friend_of_mine_i_believe_has_fallen_victim_to_a/
betbuinu,crypto,BetbuInu,crypto,betbuinu,https://www.reddit.com/r/Scams/comments/12camtp/just_been_crypto_scammed_of_all_my_savings/
betbuinu,crypto,BetbuInu,crypto,betbuinu,https://i.redd.it/k1nhf2q9r1nb1.png
betbuinu,crypto,BetbuInu,crypto,betbuinu,https://www.reddit.com/r/Scams/comments/ojeivg/fell_for_a_crypto_scam_and_lost_all_my_savings/
lost,lost,Lost,lost,lost,https://www.reddit.com/r/Scams/comments/ojeivg/fell_for_a_crypto_scam_and_lost_all_my_savings/
betbuinu,crypto,BetbuInu,crypto,betbuinu,https://youtu.be/HJjxN05ewEc
alexgo,alex,ALEX Lab,alex,alexlab,https://clips.twitch.tv/PlausiblePlumpLarkHassanChop-_4OlXwreRgKx7LSC
betbuinu,crypto,BetbuInu,crypto,betbuinu,https://clips.twitch.tv/PlausiblePlumpLarkHassanChop-_4OlXwreRgKx7LSC
kim-token,kim,KIM Token,kim,kimtoken,https://www.cnbc.com/2022/01/12/kim-kardashian-and-floyd-mayweather-sued-over-alleged-crypto-scam.html
betbuinu,crypto,BetbuInu,crypto,betbuinu,https://www.cnbc.com/2022/01/12/kim-kardashian-and-floyd-mayweather-sued-over-alleged-crypto-scam.html
moremoney-usd,money,Moremoney USD,money,moremoneyusd,https://www.reddit.com/gallery/16y5py1
betbuinu,crypto,BetbuInu,crypto,betbuinu,https://www.reddit.com/gallery/16y5py1
adreward,ad,ADreward,ad,adreward,https://www.youtube.com/watch?v=eVdTjxkM1TY
betbuinu,crypto,BetbuInu,crypto,betbuinu,https://www.youtube.com/watch?v=eVdTjxkM1TY
agenor,age,Agenor,age,agenor,https://www.youtube.com/watch?v=eVdTjxkM1TY
moonwell-artemis,well,Moonwell,well,moonwell,https://www.youtube.com/watch?v=eVdTjxkM1TY
localtrade,ltt,LocalTrade,ltt,localtrade,https://i.redd.it/a0cj72l0tgpa1.png
betbuinu,crypto,BetbuInu,crypto,betbuinu,https://i.redd.it/a0cj72l0tgpa1.png
betbuinu,crypto,BetbuInu,crypto,betbuinu,https://i.redd.it/3zowy5kisay71.jpg
belong,long,Belong,long,belong,https://i.redd.it/3zowy5kisay71.jpg
betbuinu,crypto,BetbuInu,crypto,betbuinu,https://www.reddit.com/gallery/1cbgr9t
betbuinu,crypto,BetbuInu,crypto,betbuinu,https://streamable.com/pgid7
betbuinu,crypto,BetbuInu,crypto,betbuinu,https://i.redd.it/f9c60jmxzhwc1.jpeg
adreward,ad,ADreward,ad,adreward,https://i.redd.it/f9c60jmxzhwc1.jpeg
betbuinu,crypto,BetbuInu,crypto,betbuinu,https://twitter.com/FaZeClan/status/1410745951120101378
betbuinu,crypto,BetbuInu,crypto,betbuinu,https://www.reddit.com/gallery/170v6xp
betbuinu,crypto,BetbuInu,crypto,betbuinu,https://www.washingtonpost.com/nation/2024/01/23/crypto-pastor-colorado-god-eli-regalado/
mayfair,may,Mayfair,may,mayfair,https://www.washingtonpost.com/nation/2024/01/23/crypto-pastor-colorado-god-eli-regalado/
bitcoin-god,god,Bitcoin God,god,bitcoingod,https://www.washingtonpost.com/nation/2024/01/23/crypto-pastor-colorado-god-eli-regalado/
betbuinu,crypto,BetbuInu,crypto,betbuinu,https://www.reddit.com/r/Scams/comments/1d710g4/constant_crypto_scam/
cryptozoo,zoo,CryptoZoo,zoo,cryptozoo,https://sportsmanor.com/wwe-news-after-1-8-million-cryptozoo-scandal-coffeezilla-exposes-a-brand-new-crypto-scam-from-logan-paul/
brandpad-finance,brand,BrandPad Finance,brand,brandpadfinance,https://sportsmanor.com/wwe-news-after-1-8-million-cryptozoo-scandal-coffeezilla-exposes-a-brand-new-crypto-scam-from-logan-paul/
newton-project,new,Newton Project,new,newtonproject,https://sportsmanor.com/wwe-news-after-1-8-million-cryptozoo-scandal-coffeezilla-exposes-a-brand-new-crypto-scam-from-logan-paul/
betbuinu,crypto,BetbuInu,crypto,betbuinu,https://sportsmanor.com/wwe-news-after-1-8-million-cryptozoo-scandal-coffeezilla-exposes-a-brand-new-crypto-scam-from-logan-paul/
paul-token,paul,PAUL,paul,paul,https://sportsmanor.com/wwe-news-after-1-8-million-cryptozoo-scandal-coffeezilla-exposes-a-brand-new-crypto-scam-from-logan-paul/
localtrade,ltt,LocalTrade,ltt,localtrade,https://www.reddit.com/r/hardware/comments/11zgryg/the_ltt_youtube_channel_has_been_taken_over_by_a/
betbuinu,crypto,BetbuInu,crypto,betbuinu,https://www.reddit.com/r/hardware/comments/11zgryg/the_ltt_youtube_channel_has_been_taken_over_by_a/
ideachain,ich,IdeaChain,ich,ideachain,https://www.reddit.com/r/CryptoScams/comments/1cdpeek/ich_pro_ich_coin_crypto_scam/
prodigy-bot,pro,Prodigy Bot,pro,prodigybot,https://www.reddit.com/r/CryptoScams/comments/1cdpeek/ich_pro_ich_coin_crypto_scam/
ideachain,ich,IdeaChain,ich,ideachain,https://www.reddit.com/r/CryptoScams/comments/1cdpeek/ich_pro_ich_coin_crypto_scam/
brianarmstrongtrumpyellen,coin,BrianArmstrongTrumpYellenGTA6,coin,brianarmstrongtrumpyellengta6,https://www.reddit.com/r/CryptoScams/comments/1cdpeek/ich_pro_ich_coin_crypto_scam/
betbuinu,crypto,BetbuInu,crypto,betbuinu,https://www.reddit.com/r/CryptoScams/comments/1cdpeek/ich_pro_ich_coin_crypto_scam/
betbuinu,crypto,BetbuInu,crypto,betbuinu,https://www.reddit.com/r/Hololive/comments/r0uswh/the_gura_crypto_scam_twitter_account_has_been/
hex,hex,HEX,hex,hex,https://www.reddit.com/r/CryptoCurrency/comments/q6pf7v/hex_crypto_scam_exposed_yet_again_majority_of/
betbuinu,crypto,BetbuInu,crypto,betbuinu,https://www.reddit.com/r/CryptoCurrency/comments/q6pf7v/hex_crypto_scam_exposed_yet_again_majority_of/
hex,hex,HEX,hex,hex,https://www.reddit.com/r/CryptoCurrency/comments/q6pf7v/hex_crypto_scam_exposed_yet_again_majority_of/
malou,never,MALOU,never,malou,https://www.reddit.com/r/CryptoCurrency/comments/q6pf7v/hex_crypto_scam_exposed_yet_again_majority_of/
hex,hex,HEX,hex,hex,https://www.reddit.com/r/CryptoCurrency/comments/q6pf7v/hex_crypto_scam_exposed_yet_again_majority_of/
wall-street-bets,wsb,Wall Street Bets,wsb,wallstreetbets,https://www.reddit.com/r/wallstreetbets/comments/mub6t7/scam_alert_wallstreetbets_telegram_crypto/
betbuinu,crypto,BetbuInu,crypto,betbuinu,https://www.reddit.com/r/wallstreetbets/comments/mub6t7/scam_alert_wallstreetbets_telegram_crypto/
betbuinu,crypto,BetbuInu,crypto,betbuinu,https://i.redd.it/u3lvu289cl7b1.jpg
betbuinu,crypto,BetbuInu,crypto,betbuinu,https://www.notebookcheck.net/Popular-YouTuber-steals-US-500-000-from-fans-and-shamelessly-buys-a-new-Tesla-with-the-money.597273.0.html
newton-project,new,Newton Project,new,newtonproject,https://www.notebookcheck.net/Popular-YouTuber-steals-US-500-000-from-fans-and-shamelessly-buys-a-new-Tesla-with-the-money.597273.0.html
moremoney-usd,money,Moremoney USD,money,moremoneyusd,https://www.notebookcheck.net/Popular-YouTuber-steals-US-500-000-from-fans-and-shamelessly-buys-a-new-Tesla-with-the-money.597273.0.html
betbuinu,crypto,BetbuInu,crypto,betbuinu,https://www.reddit.com/r/liquiditymining/comments/15yenyf/need_crypto_scam_recovery_expert/
solstream,stream,Solstream,stream,solstream,https://youtube.com/clip/UgkxeY11RKLwsm3xdjQcZ17JKyfs6HRwzs0j
betbuinu,crypto,BetbuInu,crypto,betbuinu,https://youtube.com/clip/UgkxeY11RKLwsm3xdjQcZ17JKyfs6HRwzs0j
helpico,help,Helpico,help,helpico,https://www.reddit.com/r/CryptoScamBlacklist/comments/15yk8qe/help_crypto_scam/
betbuinu,crypto,BetbuInu,crypto,betbuinu,https://www.reddit.com/r/CryptoScamBlacklist/comments/15yk8qe/help_crypto_scam/
betbuinu,crypto,BetbuInu,crypto,betbuinu,https://www.reddit.com/r/eth_liquidity_scam/comments/16ohay5/involved_in_a_crypto_scam/
paul-token,paul,PAUL,paul,paul,https://clutchpoints.com/celtics-news-paul-pierce-named-in-major-crypto-scam-with-floyd-mayweather-jr-kim-kardashian/
major-dog,major,Major Dog,major,majordog,https://clutchpoints.com/celtics-news-paul-pierce-named-in-major-crypto-scam-with-floyd-mayweather-jr-kim-kardashian/
betbuinu,crypto,BetbuInu,crypto,betbuinu,https://clutchpoints.com/celtics-news-paul-pierce-named-in-major-crypto-scam-with-floyd-mayweather-jr-kim-kardashian/
kim-token,kim,KIM Token,kim,kimtoken,https://clutchpoints.com/celtics-news-paul-pierce-named-in-major-crypto-scam-with-floyd-mayweather-jr-kim-kardashian/
betbuinu,crypto,BetbuInu,crypto,betbuinu,https://youtu.be/ORdWE_ffirg
bomb-shelter-inu,boom,Bomb Shelter Inu,boom,bombshelterinu,https://youtu.be/ORdWE_ffirg
betbuinu,crypto,BetbuInu,crypto,betbuinu,https://www.reddit.com/gallery/17zfmq3
livex-network,live,Livex Network,live,livexnetwork,https://v.redd.it/6fsu0fpytaoc1
dogelon-mars,elon,Dogelon Mars,elon,dogelonmars,https://v.redd.it/6fsu0fpytaoc1
alan-musk,musk,Alan Musk,musk,alanmusk,https://v.redd.it/6fsu0fpytaoc1
betbuinu,crypto,BetbuInu,crypto,betbuinu,https://v.redd.it/6fsu0fpytaoc1
wormhole,w,Wormhole,w,wormhole,https://v.redd.it/6fsu0fpytaoc1
betbuinu,crypto,BetbuInu,crypto,betbuinu,https://www.reddit.com/r/Scams/comments/1am6zh9/ams48k_crypto_scam/
betbuinu,crypto,BetbuInu,crypto,betbuinu,https://www.reddit.com/r/eth_liquidity_scam/comments/1cyxpbr/whatsapp_group_crypto_scam/
betbuinu,crypto,BetbuInu,crypto,betbuinu,https://youtu.be/b2SMtcqE6yo
metawars,wars,MetaWars,wars,metawars,https://youtu.be/b2SMtcqE6yo
gochain,go,GoChain,go,gochain,https://youtu.be/b2SMtcqE6yo
betbuinu,crypto,BetbuInu,crypto,betbuinu,https://youtu.be/b2SMtcqE6yo
betbuinu,crypto,BetbuInu,crypto,betbuinu,https://youtu.be/b2SMtcqE6yo
betbuinu,crypto,BetbuInu,crypto,betbuinu,https://youtu.be/b2SMtcqE6yo
cryptoblades-kingdoms,king,CryptoBlades Kingdoms,king,cryptobladeskingdoms,https://youtu.be/b2SMtcqE6yo
death-token,death,Death,death,death,https://youtu.be/b2SMtcqE6yo
2024pump,pump,2024PUMP,pump,2024pump,https://youtu.be/b2SMtcqE6yo
dump-trade,dump,dump.trade,dump,dumptrade,https://youtu.be/b2SMtcqE6yo
betbuinu,crypto,BetbuInu,crypto,betbuinu,https://i.redd.it/2i2nj9rosh0d1.jpeg
betbuinu,crypto,BetbuInu,crypto,betbuinu,https://www.reddit.com/r/CryptoScamBlacklist/comments/16odm1g/scam_update_melayu_crypto_engineering_scam/
stealth-deals,deal,Stealth Deals,deal,stealthdeals,https://www.reddit.com/r/OutOfTheLoop/comments/11zm4mp/whats_the_deal_with_ltt_and_the_rise_of_crypto/
localtrade,ltt,LocalTrade,ltt,localtrade,https://www.reddit.com/r/OutOfTheLoop/comments/11zm4mp/whats_the_deal_with_ltt_and_the_rise_of_crypto/
everrise,rise,EverRise,rise,everrise,https://www.reddit.com/r/OutOfTheLoop/comments/11zm4mp/whats_the_deal_with_ltt_and_the_rise_of_crypto/
betbuinu,crypto,BetbuInu,crypto,betbuinu,https://www.reddit.com/r/OutOfTheLoop/comments/11zm4mp/whats_the_deal_with_ltt_and_the_rise_of_crypto/
lightyears,year,Lightyears,year,lightyears,https://www.reddit.com/r/OutOfTheLoop/comments/11zm4mp/whats_the_deal_with_ltt_and_the_rise_of_crypto/
paul-token,paul,PAUL,paul,paul,https://www.reddit.com/r/CryptoCurrency/comments/127kqrb/if_jake_paul_is_only_fined_400000_for_a_crypto/
betbuinu,crypto,BetbuInu,crypto,betbuinu,https://www.reddit.com/r/CryptoCurrency/comments/127kqrb/if_jake_paul_is_only_fined_400000_for_a_crypto/
decentral-games-ice,ice,Decentral Games ICE,ice,decentralgamesice,https://youtu.be/A7MaoD4tJuc
poseidon-2,psdn,Poseidon,psdn,poseidon,https://youtu.be/A7MaoD4tJuc
betbuinu,crypto,BetbuInu,crypto,betbuinu,https://youtu.be/A7MaoD4tJuc
tryhards,try,TryHards,try,tryhards,https://youtu.be/A7MaoD4tJuc
secret-block-hide,hide,Hide Coin,hide,hidecoin,https://youtu.be/A7MaoD4tJuc
fact0rn,fact,Fact0rn,fact,fact0rn,https://youtu.be/A7MaoD4tJuc
argo,argo,ArGoApp,argo,argoapp,https://www.reddit.com/r/ArgoBlockchain/comments/18p430w/argo_blockchain_scam_group/
million,mm,Million,mm,million,https://x.com/123456/status/1745319515389387186
blockstack,stx,Stacks,stx,stacks,https://x.com/123456/status/1745319515389387186
amaurot,ama,AMAUROT,ama,amaurot,https://x.com/123456/status/1745319515389387186
moon-app,app,Moon App,app,moonapp,https://www.reddit.com/r/BitcoinBeginners/comments/1cyja5h/blockchain_app_is_a_scam/
betbuinu,crypto,BetbuInu,crypto,betbuinu,https://dailycoin.com/beware-of-crypto-job-scams-targeting-blockchain-developers/
jobai,job,JobAi,job,jobai,https://dailycoin.com/beware-of-crypto-job-scams-targeting-blockchain-developers/
2024,2024,2024,2024,2024,https://londonlovesbusiness.com/blockchain-scams-hacks-2024-346-million-lost-ethereum-is-the-most-targeted/
million,mm,Million,mm,million,https://londonlovesbusiness.com/blockchain-scams-hacks-2024-346-million-lost-ethereum-is-the-most-targeted/
lost,lost,Lost,lost,lost,https://londonlovesbusiness.com/blockchain-scams-hacks-2024-346-million-lost-ethereum-is-the-most-targeted/
ethereum,eth,Ethereum,eth,ethereum,https://londonlovesbusiness.com/blockchain-scams-hacks-2024-346-million-lost-ethereum-is-the-most-targeted/
binance-peg-eos,eos,Binance-Peg EOS,eos,binancepegeos,https://www.reddit.com/r/CryptoCurrency/comments/bu9z4r/eos_is_not_a_blockchain_and_operates_as_a_scam/
filmcredits,film,FILMCredits,film,filmcredits,https://www.reddit.com/r/IAmA/comments/14prsnz/i_produced_a_matteroffact_documentary_film_that/
nft-stars,nfts,NFT Stars,nfts,nftstars,https://www.reddit.com/r/IAmA/comments/14prsnz/i_produced_a_matteroffact_documentary_film_that/
de-fi,defi,DeFi,defi,defi,https://www.reddit.com/r/IAmA/comments/14prsnz/i_produced_a_matteroffact_documentary_film_that/
amaurot,ama,AMAUROT,ama,amaurot,https://www.reddit.com/r/IAmA/comments/14prsnz/i_produced_a_matteroffact_documentary_film_that/
anon,anon,ANON,anon,anon,https://www.reddit.com/r/belgium/comments/1cctt99/blockchaincrypto_scam_calls_anon_number/
amaurot,ama,AMAUROT,ama,amaurot,https://www.reddit.com/r/AMADisasters/comments/8rpt8z/blockchain_scams_fake_accounts_ama_disaster/
freedom-coin,free,FREEdom coin,free,freedomcoin,https://www.reddit.com/r/CryptoCurrency/comments/1clm6z8/scam_yt_influencer_personal_free_mentorship/
ambire-wallet,wallet,Ambire Wallet,wallet,ambirewallet,https://www.reddit.com/r/CryptoCurrency/comments/1clm6z8/scam_yt_influencer_personal_free_mentorship/
data-bot,data,DataBot,data,databot,https://www.reddit.com/gallery/17flc5h
strong,strong,Strong,strong,strong,https://www.youtube.com/watch?v=B28UHQzgYvM&feature=youtu.be
amaurot,ama,AMAUROT,ama,amaurot,https://www.reddit.com/r/Buttcoin/comments/18505c2/ama_peter_howson_author_of_the_new_book_let_them/
newton-project,new,Newton Project,new,newtonproject,https://www.reddit.com/r/Buttcoin/comments/18505c2/ama_peter_howson_author_of_the_new_book_let_them/
book-2,book,BOOK,book,book,https://www.reddit.com/r/Buttcoin/comments/18505c2/ama_peter_howson_author_of_the_new_book_let_them/
linkeye,let,Linkeye,let,linkeye,https://www.reddit.com/r/Buttcoin/comments/18505c2/ama_peter_howson_author_of_the_new_book_let_them/
betbuinu,crypto,BetbuInu,crypto,betbuinu,https://www.reddit.com/r/Buttcoin/comments/18505c2/ama_peter_howson_author_of_the_new_book_let_them/
worldwide,world,WORLDWIDE,world,worldwide,https://www.reddit.com/r/Buttcoin/comments/18505c2/ama_peter_howson_author_of_the_new_book_let_them/
post-tech,post,Post.Tech,post,posttech,https://www.reddit.com/r/Buttcoin/comments/18505c2/ama_peter_howson_author_of_the_new_book_let_them/
pete,pete,PETE,pete,pete,https://www.reddit.com/r/Buttcoin/comments/18505c2/ama_peter_howson_author_of_the_new_book_let_them/
constitutiondao,people,ConstitutionDAO,people,constitutiondao,https://www.reddit.com/r/Bitcoin/comments/103iug7/why_are_people_saying_blockchaincom_is_a_scam/
helpico,help,Helpico,help,helpico,https://www.reddit.com/r/CryptoCurrency/comments/197zkgu/deepfakes_scams_are_growing_surely_blockchain_can/
doctor-evil,evil,Doctor Evil,evil,doctorevil,https://au.finance.yahoo.com/news/nab-banker-saves-desperate-couple-from-elaborate-40k-scam-043451181.html
bank,bank,BANK AI,bank,bankai,https://au.finance.yahoo.com/news/nab-banker-saves-desperate-couple-from-elaborate-40k-scam-043451181.html
putincoin,put,PUTinCoin,put,putincoin,https://au.finance.yahoo.com/news/nab-banker-saves-desperate-couple-from-elaborate-40k-scam-043451181.html
jobai,job,JobAi,job,jobai,https://www.reddit.com/r/Upwork/comments/14nat71/scam_warning_blockchain_developer_job_postings/
game,gtc,Game,gtc,game,https://www.cryptopolitan.com/the-game-charged-for-promoting-scam-ico
gocharge-tech,charged,GoCharge Tech,charged,gochargetech,https://www.cryptopolitan.com/the-game-charged-for-promoting-scam-ico
antmons,ams,Antmons,ams,antmons,https://www.reddit.com/r/Scams/comments/18xf37c/ams20t_or_ams_token_the_latest_iteration_of_the/
tokenfi,token,TokenFi,token,tokenfi,https://www.reddit.com/r/Scams/comments/18xf37c/ams20t_or_ams_token_the_latest_iteration_of_the/
betbuinu,crypto,BetbuInu,crypto,betbuinu,https://www.reddit.com/r/Scams/comments/18xf37c/ams20t_or_ams_token_the_latest_iteration_of_the/
white-lotus,lotus,White Lotus,lotus,whitelotus,https://www.reddit.com/r/CryptoCurrency/comments/7wmp1f/scam_lotus_ico_lotussh_has_me_listed_as_a_team/
member,member,member,member,member,https://www.reddit.com/r/CryptoCurrency/comments/7wmp1f/scam_lotus_ico_lotussh_has_me_listed_as_a_team/
malou,never,MALOU,never,malou,https://www.reddit.com/r/CryptoCurrency/comments/7wmp1f/scam_lotus_ico_lotussh_has_me_listed_as_a_team/
get-token,get,GET Protocol,get,getprotocol,https://www.reddit.com/r/CryptoCurrency/comments/11d29fl/did_i_just_get_scammed_like_a_noob_by_an_ico_qtn/
likecoin,like,LikeCoin,like,likecoin,https://www.reddit.com/r/CryptoCurrency/comments/11d29fl/did_i_just_get_scammed_like_a_noob_by_an_ico_qtn/
gensler,sec,gensler,sec,gensler,https://i.redd.it/oyt97rfgt6ub1.jpg
rug-rugged-art,rug,Rug,rug,rug,https://i.redd.it/oyt97rfgt6ub1.jpg
solspend,spend,SolSpend,spend,solspend,https://i.redd.it/oyt97rfgt6ub1.jpg
batcat,btc,batcat,btc,batcat,https://i.redd.it/oyt97rfgt6ub1.jpg
defispot,spot,Defispot,spot,defispot,https://i.redd.it/oyt97rfgt6ub1.jpg
etf-rocks,etf,ETF Rocks,etf,etfrocks,https://i.redd.it/oyt97rfgt6ub1.jpg
member,member,member,member,member,https://www.reddit.com/r/ethereum/comments/7nvigr/warning_scam_ico_othororg_list_vitalik_as_a_team/
send-finance,send,Send Finance,send,sendfinance,https://www.reddit.com/r/ethereum/comments/7nvigr/warning_scam_ico_othororg_list_vitalik_as_a_team/
nfstay,stay,NFsTay,stay,nfstay,https://www.reddit.com/r/ethereum/comments/7nvigr/warning_scam_ico_othororg_list_vitalik_as_a_team/
basesafe,safe,BaseSafe,safe,basesafe,https://www.reddit.com/r/ethereum/comments/7nvigr/warning_scam_ico_othororg_list_vitalik_as_a_team/
rush-2,rush,RUSH,rush,rush,https://www.reddit.com/r/CryptoScams/comments/18fikiw/nuggest_rush_ico_nugx_is_a_scam/
nfstay,stay,NFsTay,stay,nfstay,https://www.reddit.com/r/CryptoCurrency/comments/i2t327/stay_away_from_the_cryptocom_scam_they_cheated/
newton-project,new,Newton Project,new,newtonproject,https://www.reddit.com/r/CryptoScams/comments/15wpaig/new_ico_scam_or_legit/
million,mm,Million,mm,million,https://www.ccn.com/over-and-out-savedroid-ico-makes-apparent-exit-scam/
savedroid,svd,Savedroid,svd,savedroid,https://www.ccn.com/over-and-out-savedroid-ico-makes-apparent-exit-scam/
blacksmith-token,bs,Blacksmith Token,bs,blacksmithtoken,https://i.redd.it/76p2qepcrpsz.jpg
we-re-so-back,back,We're so back,back,weresoback,https://i.redd.it/76p2qepcrpsz.jpg
butter,butter,Butter,butter,butter,https://arstechnica.com/tech-policy/2018/12/ohio-congressman-we-can-fund-border-wall-with-wallcoin/
a-fund-baby,fund,A Fund Baby,fund,afundbaby,https://arstechnica.com/tech-policy/2018/12/ohio-congressman-we-can-fund-border-wall-with-wallcoin/
du-rove-s-wall,$wall,Du Rove’s Wall,wall,duroveswall,https://arstechnica.com/tech-policy/2018/12/ohio-congressman-we-can-fund-border-wall-with-wallcoin/
mollarstoken,mollars,MollarsToken,mollars,mollarstoken,https://www.reddit.com/r/CryptoMoonShots/comments/18hql2v/mollars_mollars_ico_store_of_value_erc20_sov/
mollarstoken,mollars,MollarsToken,mollars,mollarstoken,https://www.reddit.com/r/CryptoMoonShots/comments/18hql2v/mollars_mollars_ico_store_of_value_erc20_sov/
bit-store-coin,store,Bit Store,store,bitstore,https://www.reddit.com/r/CryptoMoonShots/comments/18hql2v/mollars_mollars_ico_store_of_value_erc20_sov/
value-liquidity,value,Value DeFi,value,valuedefi,https://www.reddit.com/r/CryptoMoonShots/comments/18hql2v/mollars_mollars_ico_store_of_value_erc20_sov/
shib-original-vision,sov,Shib Original Vision,sov,shiboriginalvision,https://www.reddit.com/r/CryptoMoonShots/comments/18hql2v/mollars_mollars_ico_store_of_value_erc20_sov/
tokenfi,token,TokenFi,token,tokenfi,https://www.reddit.com/r/CryptoMoonShots/comments/18hql2v/mollars_mollars_ico_store_of_value_erc20_sov/
ethereum,eth,Ethereum,eth,ethereum,https://www.reddit.com/r/CryptoMoonShots/comments/18hql2v/mollars_mollars_ico_store_of_value_erc20_sov/
mollarstoken,mollars,MollarsToken,mollars,mollarstoken,https://www.reddit.com/r/CryptoMoonShots/comments/18hql2v/mollars_mollars_ico_store_of_value_erc20_sov/
de-fi,defi,DeFi,defi,defi,https://www.reddit.com/r/CryptoCurrency/comments/n074xs/these_defi_yield_farming_and_meme_coins_are_the/
crypto-valleys-yield-token,yield,Crypto Valleys YIELD Token,yield,cryptovalleysyieldtoken,https://www.reddit.com/r/CryptoCurrency/comments/n074xs/these_defi_yield_farming_and_meme_coins_are_the/
meme-brc-20,meme,MEME (Ordinals),meme,memeordinals,https://www.reddit.com/r/CryptoCurrency/comments/n074xs/these_defi_yield_farming_and_meme_coins_are_the/
newton-project,new,Newton Project,new,newtonproject,https://www.reddit.com/r/CryptoCurrency/comments/n074xs/these_defi_yield_farming_and_meme_coins_are_the/
moremoney-usd,money,Moremoney USD,money,moremoneyusd,https://www.reddit.com/r/CryptoCurrency/comments/9sucui/60m_ico_scam_uncovered_serial_perpetrators_and/
no-one,noone,No One,noone,noone,https://www.reddit.com/r/CryptoScams/comments/xpcnd3/tknthe_17m_ico_scam_noone_talks_about/
smartlink,smak,Smartlink,smak,smartlink,https://www.reddit.com/r/tezos/comments/n1r3f3/smartlink_ico_potential_scam_tezos_be_aware_of_it/
tezos,xtz,Tezos,xtz,tezos,https://www.reddit.com/r/tezos/comments/n1r3f3/smartlink_ico_potential_scam_tezos_be_aware_of_it/
defispot,spot,Defispot,spot,defispot,https://www.reddit.com/r/NFTExchange/comments/s6vw4m/how_to_spot_ico_scams/
looksrare,looks,LooksRare,looks,looksrare,https://www.reddit.com/r/ethtrader/comments/63nv4u/to_everyone_that_bought_into_the_matchpool_ico_it/
likecoin,like,LikeCoin,like,likecoin,https://www.reddit.com/r/ethtrader/comments/63nv4u/to_everyone_that_bought_into_the_matchpool_ico_it/
pulselaunch,launch,PulseLaunch,launch,pulselaunch,https://twitter.com/alemacgo/status/966072887319973891
constitutiondao,people,ConstitutionDAO,people,constitutiondao,https://www.reddit.com/r/CryptoCurrency/comments/7jjkmn/after_being_raped_by_confido_i_want_to_warn_other/
ccfound-2,found,ccFound,found,ccfound,https://www.reddit.com/r/CryptoCurrency/comments/7jjkmn/after_being_raped_by_confido_i_want_to_warn_other/
harmony,one,Harmony,one,harmony,https://www.reddit.com/r/CryptoCurrency/comments/7jjkmn/after_being_raped_by_confido_i_want_to_warn_other/
status,snt,Status,snt,status,https://i.redd.it/ykh6phj3an4z.png
big-eyes,big,Big Eyes,big,bigeyes,https://www.reddit.com/r/CryptoCurrency/comments/m6b53a/sbf_alameda_group_are_a_big_scam_entity_beware_of/
livex-network,live,Livex Network,live,livexnetwork,https://www.reddit.com/r/CryptoCurrency/comments/m6b53a/sbf_alameda_group_are_a_big_scam_entity_beware_of/
tron,trx,TRON,trx,tron,https://www.reddit.com/r/CryptoCurrency/comments/v1mrz5/so_are_we_going_to_ignore_that_tron_trx_with_75/
tron,trx,TRON,trx,tron,https://www.reddit.com/r/CryptoCurrency/comments/v1mrz5/so_are_we_going_to_ignore_that_tron_trx_with_75/
based-brians,cap,Based Brians,cap,basedbrians,https://www.reddit.com/r/CryptoCurrency/comments/v1mrz5/so_are_we_going_to_ignore_that_tron_trx_with_75/
lost,lost,Lost,lost,lost,https://www.reddit.com/r/CryptoCurrency/comments/1cawkb0/970k_lost_in_ledger_nft_scam/
apenft,nft,APENFT,nft,apenft,https://www.reddit.com/r/CryptoCurrency/comments/1cawkb0/970k_lost_in_ledger_nft_scam/
paid-network,paid,PAID Network,paid,paidnetwork,https://v.redd.it/mcakngaf4dzb1
apenft,nft,APENFT,nft,apenft,https://v.redd.it/mcakngaf4dzb1
strong,strong,Strong,strong,strong,https://v.redd.it/mcakngaf4dzb1
apenft,nft,APENFT,nft,apenft,https://www.reddit.com/r/CoinBase/comments/17u5fbu/nft_scam_please_help/
helpico,help,Helpico,help,helpico,https://www.reddit.com/r/CoinBase/comments/17u5fbu/nft_scam_please_help/
openworldnft,owner,OPENWORLDNFT,owner,openworldnft,https://i.redd.it/2edm6xt08zhb1.png
apenft,nft,APENFT,nft,apenft,https://i.redd.it/2edm6xt08zhb1.png
apenft,nft,APENFT,nft,apenft,https://youtu.be/AVqcwi1ZTSA
chainlink,link,Chainlink,link,chainlink,https://youtu.be/AVqcwi1ZTSA
banano,ban,Banano,ban,banano,https://i.redd.it/eg9xi7bqi1i81.png
apenft,nft,APENFT,nft,apenft,https://i.redd.it/eg9xi7bqi1i81.png
subsocial,sub,Subsocial,sub,subsocial,https://i.redd.it/eg9xi7bqi1i81.png
betbuinu,crypto,BetbuInu,crypto,betbuinu,https://twitter.com/DietColaNation/status/1524991842550288384
apenft,nft,APENFT,nft,apenft,https://twitter.com/DietColaNation/status/1524991842550288384
chesscoin-0-32,chess,ChessCoin 0.32%,chess,chesscoin032,https://twitter.com/DietColaNation/status/1524991842550288384
family-guy,guy,Family Guy,guy,familyguy,https://www.youtube.com/watch?v=exbxjXAqQ5Y
cryptozoo,zoo,CryptoZoo,zoo,cryptozoo,https://www.youtube.com/watch?v=exbxjXAqQ5Y
apenft,nft,APENFT,nft,apenft,https://www.youtube.com/watch?v=exbxjXAqQ5Y
game,gtc,Game,gtc,game,https://www.youtube.com/watch?v=exbxjXAqQ5Y
apenft,nft,APENFT,nft,apenft,https://i.redd.it/1t0slwo8h1ib1.jpg
apenft,nft,APENFT,nft,apenft,https://clips.twitch.tv/SleepySuspiciousJalapenoResidentSleeper-hp7QSnKAAI90szNG
apenft,nft,APENFT,nft,apenft,https://twitter.com/myclipstv/status/1432883112120250368
apenft,nft,APENFT,nft,apenft,https://cryptopotato.com/coffeezilla-accuses-khabib-nurmagomedov-of-promoting-nft-scam/
apenft,nft,APENFT,nft,apenft,https://twitter.com/MontanaBlack/status/1492451795767070720
apenft,nft,APENFT,nft,apenft,https://twitter.com/MontanaBlack/status/1492451795767070720
everyworld,every,Everyworld,every,everyworld,https://www.reddit.com/r/ethereum/comments/tz7p9w/i_fell_for_every_nft_scam_in_10_minutes/
apenft,nft,APENFT,nft,apenft,https://www.reddit.com/r/ethereum/comments/tz7p9w/i_fell_for_every_nft_scam_in_10_minutes/
apenft,nft,APENFT,nft,apenft,https://v.redd.it/ihhazv6yucx81
adreward,ad,ADreward,ad,adreward,https://v.redd.it/ihhazv6yucx81
unicorn-metaverse,universe,Unicorn Metaverse,universe,unicornmetaverse,https://v.redd.it/ihhazv6yucx81
eve,eve the cat,EVE,evethecat,eve,https://www.reddit.com/r/Eve/comments/qql2sf/eve_shouldnt_get_in_on_nft_scams/
get-token,get,GET Protocol,get,getprotocol,https://www.reddit.com/r/Eve/comments/qql2sf/eve_shouldnt_get_in_on_nft_scams/
apenft,nft,APENFT,nft,apenft,https://www.reddit.com/r/Eve/comments/qql2sf/eve_shouldnt_get_in_on_nft_scams/
aicoin-2,ai,AICoin,ai,aicoin,https://cointelegraph.com/news/rabbit-denies-nft-scam-allegations-coffeezilla
gangs-rabbit,rabbit,Gangs Rabbit,rabbit,gangsrabbit,https://cointelegraph.com/news/rabbit-denies-nft-scam-allegations-coffeezilla
apenft,nft,APENFT,nft,apenft,https://cointelegraph.com/news/rabbit-denies-nft-scam-allegations-coffeezilla
apenft,nft,APENFT,nft,apenft,https://i.redd.it/b4qpfxrfyu5d1.jpeg
apenft,nft,APENFT,nft,apenft,https://i.redd.it/qk7n7uub54na1.jpg
paul-token,paul,PAUL,paul,paul,https://futurism.com/logan-paul-nft-game
apenft,nft,APENFT,nft,apenft,https://futurism.com/logan-paul-nft-game
game,gtc,Game,gtc,game,https://futurism.com/logan-paul-nft-game
build,build,BUILD,build,build,https://futurism.com/logan-paul-nft-game
lost,lost,Lost,lost,lost,https://www.reddit.com/r/solana/comments/1bdfae4/lost_200_on_wif_nft_scam_feeling_stupid_right_now/
dogwifcoin,wif,dogwifhat,wif,dogwifhat,https://www.reddit.com/r/solana/comments/1bdfae4/lost_200_on_wif_nft_scam_feeling_stupid_right_now/
apenft,nft,APENFT,nft,apenft,https://www.reddit.com/r/solana/comments/1bdfae4/lost_200_on_wif_nft_scam_feeling_stupid_right_now/
apenft,nft,APENFT,nft,apenft,https://www.theverge.com/2022/1/21/22895126/ozzy-osbourne-nft-scam-cryptobatz-hack-ethereum
chainlink,link,Chainlink,link,chainlink,https://www.theverge.com/2022/1/21/22895126/ozzy-osbourne-nft-scam-cryptobatz-hack-ethereum
lost,lost,Lost,lost,lost,https://www.theverge.com/2022/1/21/22895126/ozzy-osbourne-nft-scam-cryptobatz-hack-ethereum
apenft,nft,APENFT,nft,apenft,https://www.reddit.com/r/DotA2/comments/rj5w5a/psa_global_esports_federation_is_an_nft_scam_that/
holoride,ride,holoride,ride,holoride,https://www.reddit.com/r/DotA2/comments/rj5w5a/psa_global_esports_federation_is_an_nft_scam_that/
esport,espt,Esport,espt,esport,https://www.reddit.com/r/DotA2/comments/rj5w5a/psa_global_esports_federation_is_an_nft_scam_that/
apenft,nft,APENFT,nft,apenft,https://www.reddit.com/r/Scams/comments/1ddous3/is_this_an_nft_scam/
apenft,nft,APENFT,nft,apenft,https://www.reddit.com/r/solana/comments/17h2ry3/nft_scam_drained_my_phantom_wallet_feeling_so_sad/
ambire-wallet,wallet,Ambire Wallet,wallet,ambirewallet,https://www.reddit.com/r/solana/comments/17h2ry3/nft_scam_drained_my_phantom_wallet_feeling_so_sad/
apenft,nft,APENFT,nft,apenft,https://www.reddit.com/r/Scams/comments/1ckr4g5/nft_scam_on_instagram/
bitcoin,btc,Bitcoin,btc,bitcoin,https://www.reddit.com/r/scambait/comments/1d1nk2t/bitcoin_nft_scam_from_india/
apenft,nft,APENFT,nft,apenft,https://www.reddit.com/r/scambait/comments/1d1nk2t/bitcoin_nft_scam_from_india/
betbuinu,crypto,BetbuInu,crypto,betbuinu,https://i.redd.it/452mryzsog581.jpg
keep-finance,keep,Keep Finance,keep,keepfinance,https://i.redd.it/452mryzsog581.jpg
apenft,nft,APENFT,nft,apenft,https://i.redd.it/452mryzsog581.jpg
apenft,nft,APENFT,nft,apenft,https://www.reddit.com/r/ArtistLounge/comments/zjih8w/nft_scams_on_ig/
helium,hnt,Helium,hnt,helium,https://www.reddit.com/gallery/133dx7i
ambire-wallet,wallet,Ambire Wallet,wallet,ambirewallet,https://www.reddit.com/gallery/133dx7i
apenft,nft,APENFT,nft,apenft,https://www.reddit.com/gallery/133dx7i
big-eyes,big,Big Eyes,big,bigeyes,https://www.reddit.com/gallery/19an218
apenft,nft,APENFT,nft,apenft,https://www.reddit.com/gallery/19an218
reallink,real,RealLink,real,reallink,https://www.reddit.com/gallery/19an218
konpay,kon,KonPay,kon,konpay,https://www.reddit.com/r/h3snark/comments/1ccd8jv/ethan_threatens_to_sue_kon_regarding_their_take/
takepile,take,Takepile,take,takepile,https://www.reddit.com/r/h3snark/comments/1ccd8jv/ethan_threatens_to_sue_kon_regarding_their_take/
apenft,nft,APENFT,nft,apenft,https://www.reddit.com/r/h3snark/comments/1ccd8jv/ethan_threatens_to_sue_kon_regarding_their_take/
imagine,imagine,Imagine,imagine,imagine,https://i.redd.it/tnrwrcbv0ppa1.png
moremoney-usd,money,Moremoney USD,money,moremoneyusd,https://i.redd.it/tnrwrcbv0ppa1.png
likecoin,like,LikeCoin,like,likecoin,https://i.redd.it/tnrwrcbv0ppa1.png
nft-stars,nfts,NFT Stars,nfts,nftstars,https://i.redd.it/tnrwrcbv0ppa1.png
apenft,nft,APENFT,nft,apenft,https://www.reddit.com/r/CoinBase/comments/1958swe/nft_scam/
apenft,nft,APENFT,nft,apenft,https://www.reddit.com/r/etherscan/comments/1c1qpsi/nft_scam_alert/
apenft,nft,APENFT,nft,apenft,https://i.redd.it/1v9tmipz3sv91.png
apenft,nft,APENFT,nft,apenft,https://i.redd.it/0q667nnsi6lc1.jpeg
apenft,nft,APENFT,nft,apenft,https://www.reddit.com/r/self/comments/s5b1id/just_got_scammed_on_an_nft/
degen-pov,pov,Degen POV [OLD],pov,degenpovold,https://i.redd.it/7xnp0jcmvxf81.jpg
nft-stars,nfts,NFT Stars,nfts,nftstars,https://i.redd.it/7xnp0jcmvxf81.jpg
get-token,get,GET Protocol,get,getprotocol,https://i.redd.it/7xnp0jcmvxf81.jpg
apenft,nft,APENFT,nft,apenft,https://i.redd.it/ncy7t9bzlggb1.jpg
apenft,nft,APENFT,nft,apenft,https://www.reddit.com/r/brokercomplaintalert/comments/1agb7q9/assessing_nftcryvip_warning_signs_of_an_nft_scam/
hugewin,huge,HugeWin,huge,hugewin,https://www.reddit.com/r/CryptoScams/comments/1bzo30j/huge_scam_network_discovered_draining_millions/
lost,lost,Lost,lost,lost,https://www.reddit.com/r/CryptoScams/comments/1bzo30j/huge_scam_network_discovered_draining_millions/
apenft,nft,APENFT,nft,apenft,https://www.reddit.com/r/CryptoScams/comments/1bzo30j/huge_scam_network_discovered_draining_millions/
farmers-only,fox,FoxSwap,fox,foxswap,https://www.reddit.com/r/kings/comments/t0lzt3/anybody_defending_deaaron_fox_and_the_nft_scam/
apenft,nft,APENFT,nft,apenft,https://www.reddit.com/r/kings/comments/t0lzt3/anybody_defending_deaaron_fox_and_the_nft_scam/
apenft,nft,APENFT,nft,apenft,https://www.reddit.com/r/Ratschlag/comments/1cg5mt5/nft_scams_bei_künstlern/
three,$three,THREE,three,three,https://www.coindesk.com/policy/2024/06/06/us-charges-three-in-connection-with-evolved-apes-nft-scam/
age-of-apes,apes,AGE OF APES,apes,ageofapes,https://www.coindesk.com/policy/2024/06/06/us-charges-three-in-connection-with-evolved-apes-nft-scam/
apenft,nft,APENFT,nft,apenft,https://www.coindesk.com/policy/2024/06/06/us-charges-three-in-connection-with-evolved-apes-nft-scam/
apenft,nft,APENFT,nft,apenft,https://www.reddit.com/r/Superstonk/comments/sly7nn/you_think_an_nft_is_a_scam_how_do_you_feel_about/
darkcrypto,dark,DarkCrypto,dark,darkcrypto,https://www.reddit.com/r/Superstonk/comments/sly7nn/you_think_an_nft_is_a_scam_how_do_you_feel_about/
reallink,real,RealLink,real,reallink,https://www.reddit.com/r/Superstonk/comments/sly7nn/you_think_an_nft_is_a_scam_how_do_you_feel_about/
harmony,one,Harmony,one,harmony,https://www.reddit.com/r/Superstonk/comments/sly7nn/you_think_an_nft_is_a_scam_how_do_you_feel_about/
beholder,eye,Behodler,eye,behodler,https://www.reddit.com/r/Superstonk/comments/sly7nn/you_think_an_nft_is_a_scam_how_do_you_feel_about/
stakeborg-dao,standard,Construct,standard,construct,https://www.reddit.com/r/Superstonk/comments/sly7nn/you_think_an_nft_is_a_scam_how_do_you_feel_about/
