id,symbol,name,Cleaned_Symbol,Cleaned_Name,reddit_url,Official_Website,Social_Media
manta-network,manta,Manta Network,manta,mantanetwork,https://www.reddit.com/r/ethtrader/comments/1908kck/attention_airdrop_farmers_avoid_this_manta/,https://manta.network/,"{'Twitter': 'MantaNetwork', 'Facebook': '', 'Reddit': 'https://www.reddit.com'}"
sentimentai,sent,SentimentAI,sent,sentimentai,https://www.reddit.com/r/CryptoScams/comments/1d1tx46/airdrop_scam_example_below_is_an_example_of_a/,https://trysentiment.ai/,"{'Twitter': 'sentimentai_xyz', 'Facebook': None, 'Reddit': None}"
portal-2,portal,Portal,portal,portal,https://www.reddit.com/r/CryptoCurrencyTrading/comments/1b263u4/portal_airdrop_scam/,https://www.portalgaming.com/,"{'Twitter': 'Portalcoin', 'Facebook': '', 'Reddit': 'https://www.reddit.com'}"
newpepe,pepe,NEWPEPE,pepe,newpepe,https://i.redd.it/pfpxbwjy0nya1.jpg,https://newpepe.lol/,"{'Twitter': 'pepeonerc', 'Facebook': '', 'Reddit': None}"
2moon,moon,2MOON,moon,2moon,https://www.reddit.com/r/CryptoCurrency/comments/18sjdb5/psa_there_is_a_fake_moon_airdrop_scam_going/,https://moon.ws/,"{'Twitter': 'BuildMOON', 'Facebook': None, 'Reddit': None}"
reddit,reddit,Reddit,reddit,reddit,https://www.reddit.com/r/CryptoCurrency/comments/18sjdb5/psa_there_is_a_fake_moon_airdrop_scam_going/,https://redditcoin.tech/,"{'Twitter': 'RedditERC', 'Facebook': None, 'Reddit': None}"
gone,gone,Gone,gone,gone,https://i.redd.it/9z57rrdbq60d1.jpeg,https://itsgone.xyz,"{'Twitter': 'gonepolygone', 'Facebook': '', 'Reddit': 'https://www.reddit.com'}"
hpohs888inu,tether,Hpohs888inu,tether,hpohs888inu,https://cointelegraph.com/news/tether-ceo-warns-crypto-airdrop-scam,https://hpohs888inu.com/,"{'Twitter': 'HPOHS888I', 'Facebook': '', 'Reddit': 'https://www.reddit.com'}"
newton-project,new,Newton Project,new,newtonproject,https://cointelegraph.com/news/tether-ceo-warns-crypto-airdrop-scam,https://www.newtonproject.org,"{'Twitter': 'newton_project', 'Facebook': 'newtonproject', 'Reddit': 'https://www.reddit.com/r/Newton_project/'}"
wavelength,wave,Wavelength,wave,wavelength,https://cointelegraph.com/news/tether-ceo-warns-crypto-airdrop-scam,https://www.wavelength.exchange/,"{'Twitter': 'Wavelength_DAO', 'Facebook': '', 'Reddit': None}"
betbuinu,crypto,BetbuInu,crypto,betbuinu,https://cointelegraph.com/news/tether-ceo-warns-crypto-airdrop-scam,https://www.betbuinu.com/,"{'Twitter': 'BETBUInu', 'Facebook': '', 'Reddit': None}"
ai-x,x,AI-X,x,aix,https://www.reddit.com/r/cosmosnetwork/comments/18xsyr6/scam_on_x_for_airdrop_was_i_hacked/,https://ai-xerc.xyz,"{'Twitter': 'AiXerc20', 'Facebook': None, 'Reddit': None}"
betbuinu,crypto,BetbuInu,crypto,betbuinu,https://www.reddit.com/r/CryptoScams/comments/15wliwx/crypto_airdrop_scam_or_legit/,https://www.betbuinu.com/,"{'Twitter': 'BETBUInu', 'Facebook': '', 'Reddit': None}"
reddit,reddit,Reddit,reddit,reddit,https://www.reddit.com/r/ethtrader/comments/199qr8z/reddit_user_loses_250000_in_eth_to_crypto_airdrop/,https://redditcoin.tech/,"{'Twitter': 'RedditERC', 'Facebook': None, 'Reddit': None}"
bridged-binance-peg-ethereum-opbnb,eth,Bridged Binance-Peg Ethereum (opBNB),eth,bridgedbinancepegethereumopbnb,https://www.reddit.com/r/ethtrader/comments/199qr8z/reddit_user_loses_250000_in_eth_to_crypto_airdrop/,https://www.bnbchain.org/en,"{'Twitter': 'BNBChain', 'Facebook': '', 'Reddit': 'https://www.reddit.com'}"
betbuinu,crypto,BetbuInu,crypto,betbuinu,https://www.reddit.com/r/ethtrader/comments/199qr8z/reddit_user_loses_250000_in_eth_to_crypto_airdrop/,https://www.betbuinu.com/,"{'Twitter': 'BETBUInu', 'Facebook': '', 'Reddit': None}"
nfstay,stay,NFsTay,stay,nfstay,https://www.reddit.com/r/ethtrader/comments/199qr8z/reddit_user_loses_250000_in_eth_to_crypto_airdrop/,,"{'Twitter': '', 'Facebook': '', 'Reddit': ''}"
basesafe,safe,BaseSafe,safe,basesafe,https://www.reddit.com/r/ethtrader/comments/199qr8z/reddit_user_loses_250000_in_eth_to_crypto_airdrop/,https://basesafe.org/,"{'Twitter': 'BaseSafeERC', 'Facebook': None, 'Reddit': None}"
newton-project,new,Newton Project,new,newtonproject,https://www.reddit.com/r/Slothana/comments/1cwc8gq/new_scam_airdrop/,https://www.newtonproject.org,"{'Twitter': 'newton_project', 'Facebook': 'newtonproject', 'Reddit': 'https://www.reddit.com/r/Newton_project/'}"
arbitrum,arb,Arbitrum,arb,arbitrum,https://www.reddit.com/r/shib/comments/13aoyp4/arb_airdrop_scam/,https://arbitrum.io/,"{'Twitter': 'arbitrum', 'Facebook': '', 'Reddit': 'https://www.reddit.com'}"
layer-network,layer,Layer Network,layer,layernetwork,https://www.reddit.com/r/CryptoScams/comments/168pl3t/layer_zero_airdrop_scam/,https://www.layernetwork.org/,"{'Twitter': 'Lyrnetwork', 'Facebook': None, 'Reddit': None}"
analysoor,zero,Analysoor,zero,analysoor,https://www.reddit.com/r/CryptoScams/comments/168pl3t/layer_zero_airdrop_scam/,https://analysoor.com/,"{'Twitter': 'analysoor', 'Facebook': '', 'Reddit': 'https://www.reddit.com'}"
newton-project,new,Newton Project,new,newtonproject,https://www.reddit.com/r/CryptoCurrency/comments/owag6y/theveraio_new_airdrop_scam_be_careful/,https://www.newtonproject.org,"{'Twitter': 'newton_project', 'Facebook': 'newtonproject', 'Reddit': 'https://www.reddit.com/r/Newton_project/'}"
dogwifcoin,wif,dogwifhat,wif,dogwifhat,https://www.reddit.com/r/dogwifhat/comments/1d5g3ni/wif_airdrops_scam_for_sure_or_is_it_can_the/,https://dogwifcoin.org,"{'Twitter': 'dogwifcoin', 'Facebook': '', 'Reddit': 'https://www.reddit.com'}"
insure,sure,inSure DeFi,sure,insuredefi,https://www.reddit.com/r/dogwifhat/comments/1d5g3ni/wif_airdrops_scam_for_sure_or_is_it_can_the/,https://insuretoken.net/,"{'Twitter': 'InsureToken', 'Facebook': 'inSuretoken', 'Reddit': 'https://www.reddit.com'}"
seigniorage-shares,share,Seigniorage Shares,share,seigniorageshares,https://www.reddit.com/r/dogwifhat/comments/1d5g3ni/wif_airdrops_scam_for_sure_or_is_it_can_the/,https://dollarprotocol.com/,"{'Twitter': 'DollarProtocol', 'Facebook': '', 'Reddit': 'https://www.reddit.com/r/DollarProtocol/'}"
tokenfi,token,TokenFi,token,tokenfi,https://www.reddit.com/r/Nodle/comments/18maqzx/beware_of_fake_token_airdrop_scams/,https://tokenfi.com,"{'Twitter': 'tokenfi', 'Facebook': '', 'Reddit': 'https://www.reddit.com'}"
hashpack,pack,HashPack,pack,hashpack,https://www.reddit.com/r/Hedera/comments/z8shro/hashpack_airdrop_scam/,https://www.hashpack.app/,"{'Twitter': 'HashPackApp', 'Facebook': '', 'Reddit': 'https://www.reddit.com'}"
reddit,reddit,Reddit,reddit,reddit,https://i.redd.it/zs8cd617jnac1.png,https://redditcoin.tech/,"{'Twitter': 'RedditERC', 'Facebook': None, 'Reddit': None}"
betbuinu,crypto,BetbuInu,crypto,betbuinu,https://i.redd.it/zs8cd617jnac1.png,https://www.betbuinu.com/,"{'Twitter': 'BETBUInu', 'Facebook': '', 'Reddit': None}"
apenft,nft,APENFT,nft,apenft,https://www.reddit.com/r/solana/comments/tugf6p/nft_airdrop_scam/,https://apenft.org/,"{'Twitter': 'apenftorg', 'Facebook': '', 'Reddit': None}"
apenft,nft,APENFT,nft,apenft,https://www.reddit.com/r/sui/comments/1bcogg9/suisse_nft_airdrop_legit_airdrop_or_scam/,https://apenft.org/,"{'Twitter': 'apenftorg', 'Facebook': '', 'Reddit': None}"
betbuinu,crypto,BetbuInu,crypto,betbuinu,https://www.reddit.com/gallery/18x0c26,https://www.betbuinu.com/,"{'Twitter': 'BETBUInu', 'Facebook': '', 'Reddit': None}"
lost,lost,Lost,lost,lost,https://www.reddit.com/gallery/18x0c26,https://lostonsol.com,"{'Twitter': 'savingslost', 'Facebook': None, 'Reddit': None}"
wortheum,worth,Wortheum,worth,wortheum,https://www.reddit.com/gallery/18x0c26,https://wortheum.io,"{'Twitter': 'Wortheum_io', 'Facebook': None, 'Reddit': None}"
ethereum,eth,Ethereum,eth,ethereum,https://www.reddit.com/gallery/18x0c26,https://www.ethereum.org/,"{'Twitter': 'ethereum', 'Facebook': '', 'Reddit': 'https://www.reddit.com/r/ethereum'}"
get-token,get,GET Protocol,get,getprotocol,https://www.reddit.com/r/Pulsechain/comments/s8u4dw/how_to_not_get_scammed_and_wake_up_to_an_empty/,https://get-protocol.io/,"{'Twitter': 'getprotocol', 'Facebook': '', 'Reddit': 'https://www.reddit.com/r/GETprotocol/'}"
ambire-wallet,wallet,Ambire Wallet,wallet,ambirewallet,https://www.reddit.com/r/Pulsechain/comments/s8u4dw/how_to_not_get_scammed_and_wake_up_to_an_empty/,https://www.ambire.com/,"{'Twitter': 'AmbireWallet', 'Facebook': '', 'Reddit': 'https://www.reddit.com/r/AdEx/'}"
betbuinu,crypto,BetbuInu,crypto,betbuinu,https://www.reddit.com/gallery/1cf1xc1,https://www.betbuinu.com/,"{'Twitter': 'BETBUInu', 'Facebook': '', 'Reddit': None}"
betbuinu,crypto,BetbuInu,crypto,betbuinu,https://www.reddit.com/r/Scams/comments/18gefm1/my_father_is_in_a_crypto_scam/,https://www.betbuinu.com/,"{'Twitter': 'BETBUInu', 'Facebook': '', 'Reddit': None}"
betbuinu,crypto,BetbuInu,crypto,betbuinu,https://www.reddit.com/r/Scams/comments/1bdzvml/possible_crypto_scam/,,"{'Twitter': '', 'Facebook': '', 'Reddit': ''}"
betbuinu,crypto,BetbuInu,crypto,betbuinu,https://www.reddit.com/r/whatsapp/comments/1arwuv9/whatsapp_crypto_scam/,https://www.betbuinu.com/,"{'Twitter': 'BETBUInu', 'Facebook': '', 'Reddit': None}"
mother-iggy,mother,Mother Iggy,mother,motheriggy,https://i.redd.it/zm2ueld5p2lc1.jpeg,https://x.com/IGGYAZALEA,"{'Twitter': 'MOTHERprovides', 'Facebook': '', 'Reddit': 'https://www.reddit.com'}"
octavia,via,Octavia,via,octavia,https://i.redd.it/zm2ueld5p2lc1.jpeg,https://octavia.one/,"{'Twitter': 'octaviatoken', 'Facebook': '', 'Reddit': 'https://www.reddit.com'}"
friend-tech,friend,Friend.tech,friend,friendtech,https://www.reddit.com/r/Scams/comments/18mg88c/friend_of_mine_i_believe_has_fallen_victim_to_a/,https://www.friend.tech/,"{'Twitter': 'friendtech', 'Facebook': '', 'Reddit': 'https://www.reddit.com'}"
minerva-money,mine,Minerva Money,mine,minervamoney,https://www.reddit.com/r/Scams/comments/18mg88c/friend_of_mine_i_believe_has_fallen_victim_to_a/,https://app.minerva.money/,"{'Twitter': 'MinervaOptimism', 'Facebook': '', 'Reddit': None}"
betbuinu,crypto,BetbuInu,crypto,betbuinu,https://www.reddit.com/r/Scams/comments/18mg88c/friend_of_mine_i_believe_has_fallen_victim_to_a/,https://www.betbuinu.com/,"{'Twitter': 'BETBUInu', 'Facebook': '', 'Reddit': None}"
betbuinu,crypto,BetbuInu,crypto,betbuinu,https://www.reddit.com/r/Scams/comments/12camtp/just_been_crypto_scammed_of_all_my_savings/,,"{'Twitter': '', 'Facebook': '', 'Reddit': ''}"
betbuinu,crypto,BetbuInu,crypto,betbuinu,https://i.redd.it/k1nhf2q9r1nb1.png,https://www.betbuinu.com/,"{'Twitter': 'BETBUInu', 'Facebook': '', 'Reddit': None}"
betbuinu,crypto,BetbuInu,crypto,betbuinu,https://www.reddit.com/r/Scams/comments/ojeivg/fell_for_a_crypto_scam_and_lost_all_my_savings/,https://www.betbuinu.com/,"{'Twitter': 'BETBUInu', 'Facebook': '', 'Reddit': None}"
lost,lost,Lost,lost,lost,https://www.reddit.com/r/Scams/comments/ojeivg/fell_for_a_crypto_scam_and_lost_all_my_savings/,https://lostonsol.com,"{'Twitter': 'savingslost', 'Facebook': None, 'Reddit': None}"
betbuinu,crypto,BetbuInu,crypto,betbuinu,https://youtu.be/HJjxN05ewEc,https://www.betbuinu.com/,"{'Twitter': 'BETBUInu', 'Facebook': '', 'Reddit': None}"
alexgo,alex,ALEX Lab,alex,alexlab,https://clips.twitch.tv/PlausiblePlumpLarkHassanChop-_4OlXwreRgKx7LSC,,"{'Twitter': '', 'Facebook': '', 'Reddit': ''}"
betbuinu,crypto,BetbuInu,crypto,betbuinu,https://clips.twitch.tv/PlausiblePlumpLarkHassanChop-_4OlXwreRgKx7LSC,https://www.betbuinu.com/,"{'Twitter': 'BETBUInu', 'Facebook': '', 'Reddit': None}"
kim-token,kim,KIM Token,kim,kimtoken,https://www.cnbc.com/2022/01/12/kim-kardashian-and-floyd-mayweather-sued-over-alleged-crypto-scam.html,https://www.kim.exchange/,"{'Twitter': 'kimprotocol', 'Facebook': '', 'Reddit': 'https://www.reddit.com'}"
betbuinu,crypto,BetbuInu,crypto,betbuinu,https://www.cnbc.com/2022/01/12/kim-kardashian-and-floyd-mayweather-sued-over-alleged-crypto-scam.html,https://www.betbuinu.com/,"{'Twitter': 'BETBUInu', 'Facebook': '', 'Reddit': None}"
moremoney-usd,money,Moremoney USD,money,moremoneyusd,https://www.reddit.com/gallery/16y5py1,https://moremoney.finance/,"{'Twitter': 'Moremoneyfi', 'Facebook': '', 'Reddit': None}"
betbuinu,crypto,BetbuInu,crypto,betbuinu,https://www.reddit.com/gallery/16y5py1,,"{'Twitter': '', 'Facebook': '', 'Reddit': ''}"
adreward,ad,ADreward,ad,adreward,https://www.youtube.com/watch?v=eVdTjxkM1TY,https://adreward.io,"{'Twitter': 'ADreward_AD', 'Facebook': '', 'Reddit': 'https://www.reddit.com'}"
betbuinu,crypto,BetbuInu,crypto,betbuinu,https://www.youtube.com/watch?v=eVdTjxkM1TY,https://www.betbuinu.com/,"{'Twitter': 'BETBUInu', 'Facebook': '', 'Reddit': None}"
agenor,age,Agenor,age,agenor,https://www.youtube.com/watch?v=eVdTjxkM1TY,,"{'Twitter': '', 'Facebook': '', 'Reddit': ''}"
moonwell-artemis,well,Moonwell,well,moonwell,https://www.youtube.com/watch?v=eVdTjxkM1TY,https://moonwell.fi,"{'Twitter': 'MoonwellDeFi', 'Facebook': '', 'Reddit': 'https://www.reddit.com'}"
localtrade,ltt,LocalTrade,ltt,localtrade,https://i.redd.it/a0cj72l0tgpa1.png,https://lab.localtrade.cc/,"{'Twitter': 'LocaltradeC', 'Facebook': '', 'Reddit': None}"
betbuinu,crypto,BetbuInu,crypto,betbuinu,https://i.redd.it/a0cj72l0tgpa1.png,,"{'Twitter': '', 'Facebook': '', 'Reddit': ''}"
betbuinu,crypto,BetbuInu,crypto,betbuinu,https://i.redd.it/3zowy5kisay71.jpg,https://www.betbuinu.com/,"{'Twitter': 'BETBUInu', 'Facebook': '', 'Reddit': None}"
belong,long,Belong,long,belong,https://i.redd.it/3zowy5kisay71.jpg,https://belong.net,"{'Twitter': None, 'Facebook': None, 'Reddit': None}"
betbuinu,crypto,BetbuInu,crypto,betbuinu,https://www.reddit.com/gallery/1cbgr9t,https://www.betbuinu.com/,"{'Twitter': 'BETBUInu', 'Facebook': '', 'Reddit': None}"
betbuinu,crypto,BetbuInu,crypto,betbuinu,https://streamable.com/pgid7,https://www.betbuinu.com/,"{'Twitter': 'BETBUInu', 'Facebook': '', 'Reddit': None}"
betbuinu,crypto,BetbuInu,crypto,betbuinu,https://i.redd.it/f9c60jmxzhwc1.jpeg,https://www.betbuinu.com/,"{'Twitter': 'BETBUInu', 'Facebook': '', 'Reddit': None}"
adreward,ad,ADreward,ad,adreward,https://i.redd.it/f9c60jmxzhwc1.jpeg,https://adreward.io,"{'Twitter': 'ADreward_AD', 'Facebook': '', 'Reddit': 'https://www.reddit.com'}"
betbuinu,crypto,BetbuInu,crypto,betbuinu,https://twitter.com/FaZeClan/status/1410745951120101378,https://www.betbuinu.com/,"{'Twitter': 'BETBUInu', 'Facebook': '', 'Reddit': None}"
betbuinu,crypto,BetbuInu,crypto,betbuinu,https://www.reddit.com/gallery/170v6xp,https://www.betbuinu.com/,"{'Twitter': 'BETBUInu', 'Facebook': '', 'Reddit': None}"
betbuinu,crypto,BetbuInu,crypto,betbuinu,https://www.washingtonpost.com/nation/2024/01/23/crypto-pastor-colorado-god-eli-regalado/,https://www.betbuinu.com/,"{'Twitter': 'BETBUInu', 'Facebook': '', 'Reddit': None}"
mayfair,may,Mayfair,may,mayfair,https://www.washingtonpost.com/nation/2024/01/23/crypto-pastor-colorado-god-eli-regalado/,https://mayfair.fund/,"{'Twitter': 'mayfairfund', 'Facebook': '', 'Reddit': 'https://www.reddit.com'}"
bitcoin-god,god,Bitcoin God,god,bitcoingod,https://www.washingtonpost.com/nation/2024/01/23/crypto-pastor-colorado-god-eli-regalado/,https://www.bitcoingod.org/,"{'Twitter': 'BitcoinGodOrg', 'Facebook': 'BitcoinGodOrg', 'Reddit': None}"
betbuinu,crypto,BetbuInu,crypto,betbuinu,https://www.reddit.com/r/Scams/comments/1d710g4/constant_crypto_scam/,https://www.betbuinu.com/,"{'Twitter': 'BETBUInu', 'Facebook': '', 'Reddit': None}"
cryptozoo,zoo,CryptoZoo,zoo,cryptozoo,https://sportsmanor.com/wwe-news-after-1-8-million-cryptozoo-scandal-coffeezilla-exposes-a-brand-new-crypto-scam-from-logan-paul/,https://cryptozoo.co/,"{'Twitter': 'cryptozooco', 'Facebook': '', 'Reddit': 'https://www.reddit.com/r/cryptozooco'}"
brandpad-finance,brand,BrandPad Finance,brand,brandpadfinance,https://sportsmanor.com/wwe-news-after-1-8-million-cryptozoo-scandal-coffeezilla-exposes-a-brand-new-crypto-scam-from-logan-paul/,https://brandpad.finance/,"{'Twitter': 'BrandPadFinance', 'Facebook': '', 'Reddit': None}"
newton-project,new,Newton Project,new,newtonproject,https://sportsmanor.com/wwe-news-after-1-8-million-cryptozoo-scandal-coffeezilla-exposes-a-brand-new-crypto-scam-from-logan-paul/,https://www.newtonproject.org,"{'Twitter': 'newton_project', 'Facebook': 'newtonproject', 'Reddit': 'https://www.reddit.com/r/Newton_project/'}"
betbuinu,crypto,BetbuInu,crypto,betbuinu,https://sportsmanor.com/wwe-news-after-1-8-million-cryptozoo-scandal-coffeezilla-exposes-a-brand-new-crypto-scam-from-logan-paul/,https://www.betbuinu.com/,"{'Twitter': 'BETBUInu', 'Facebook': '', 'Reddit': None}"
paul-token,paul,PAUL,paul,paul,https://sportsmanor.com/wwe-news-after-1-8-million-cryptozoo-scandal-coffeezilla-exposes-a-brand-new-crypto-scam-from-logan-paul/,https://aliens.farm,"{'Twitter': 'tezaliensfarm', 'Facebook': '', 'Reddit': None}"
localtrade,ltt,LocalTrade,ltt,localtrade,https://www.reddit.com/r/hardware/comments/11zgryg/the_ltt_youtube_channel_has_been_taken_over_by_a/,https://lab.localtrade.cc/,"{'Twitter': 'LocaltradeC', 'Facebook': '', 'Reddit': None}"
betbuinu,crypto,BetbuInu,crypto,betbuinu,https://www.reddit.com/r/hardware/comments/11zgryg/the_ltt_youtube_channel_has_been_taken_over_by_a/,,"{'Twitter': '', 'Facebook': '', 'Reddit': ''}"
ideachain,ich,IdeaChain,ich,ideachain,https://www.reddit.com/r/CryptoScams/comments/1cdpeek/ich_pro_ich_coin_crypto_scam/,,"{'Twitter': '', 'Facebook': '', 'Reddit': ''}"
prodigy-bot,pro,Prodigy Bot,pro,prodigybot,https://www.reddit.com/r/CryptoScams/comments/1cdpeek/ich_pro_ich_coin_crypto_scam/,https://prodigybot.io/,"{'Twitter': 'Prodigy__Sniper', 'Facebook': '', 'Reddit': None}"
ideachain,ich,IdeaChain,ich,ideachain,https://www.reddit.com/r/CryptoScams/comments/1cdpeek/ich_pro_ich_coin_crypto_scam/,,"{'Twitter': '', 'Facebook': '', 'Reddit': ''}"
brianarmstrongtrumpyellen,coin,BrianArmstrongTrumpYellenGTA6,coin,brianarmstrongtrumpyellengta6,https://www.reddit.com/r/CryptoScams/comments/1cdpeek/ich_pro_ich_coin_crypto_scam/,https://www.brianarmstrongtrumpyellengta6.com/,"{'Twitter': 'Coin_Wars', 'Facebook': '', 'Reddit': 'https://www.reddit.com'}"
betbuinu,crypto,BetbuInu,crypto,betbuinu,https://www.reddit.com/r/CryptoScams/comments/1cdpeek/ich_pro_ich_coin_crypto_scam/,https://www.betbuinu.com/,"{'Twitter': 'BETBUInu', 'Facebook': '', 'Reddit': None}"
betbuinu,crypto,BetbuInu,crypto,betbuinu,https://www.reddit.com/r/Hololive/comments/r0uswh/the_gura_crypto_scam_twitter_account_has_been/,https://www.betbuinu.com/,"{'Twitter': 'BETBUInu', 'Facebook': '', 'Reddit': None}"
hex,hex,HEX,hex,hex,https://www.reddit.com/r/CryptoCurrency/comments/q6pf7v/hex_crypto_scam_exposed_yet_again_majority_of/,https://hex.com,"{'Twitter': 'HEXcrypto', 'Facebook': 'HEXcrypto', 'Reddit': 'https://www.reddit.com/r/HEXcrypto/'}"
betbuinu,crypto,BetbuInu,crypto,betbuinu,https://www.reddit.com/r/CryptoCurrency/comments/q6pf7v/hex_crypto_scam_exposed_yet_again_majority_of/,https://www.betbuinu.com/,"{'Twitter': 'BETBUInu', 'Facebook': '', 'Reddit': None}"
hex,hex,HEX,hex,hex,https://www.reddit.com/r/CryptoCurrency/comments/q6pf7v/hex_crypto_scam_exposed_yet_again_majority_of/,https://hex.com,"{'Twitter': 'HEXcrypto', 'Facebook': 'HEXcrypto', 'Reddit': 'https://www.reddit.com/r/HEXcrypto/'}"
malou,never,MALOU,never,malou,https://www.reddit.com/r/CryptoCurrency/comments/q6pf7v/hex_crypto_scam_exposed_yet_again_majority_of/,https://malou.win/,"{'Twitter': 'malounever', 'Facebook': None, 'Reddit': None}"
hex,hex,HEX,hex,hex,https://www.reddit.com/r/CryptoCurrency/comments/q6pf7v/hex_crypto_scam_exposed_yet_again_majority_of/,https://hex.com,"{'Twitter': 'HEXcrypto', 'Facebook': 'HEXcrypto', 'Reddit': 'https://www.reddit.com/r/HEXcrypto/'}"
wall-street-bets,wsb,Wall Street Bets,wsb,wallstreetbets,https://www.reddit.com/r/wallstreetbets/comments/mub6t7/scam_alert_wallstreetbets_telegram_crypto/,https://wallstreetbets.space/,"{'Twitter': 'WSB_WallStreetB', 'Facebook': None, 'Reddit': None}"
betbuinu,crypto,BetbuInu,crypto,betbuinu,https://www.reddit.com/r/wallstreetbets/comments/mub6t7/scam_alert_wallstreetbets_telegram_crypto/,https://www.betbuinu.com/,"{'Twitter': 'BETBUInu', 'Facebook': '', 'Reddit': None}"
betbuinu,crypto,BetbuInu,crypto,betbuinu,https://i.redd.it/u3lvu289cl7b1.jpg,https://www.betbuinu.com/,"{'Twitter': 'BETBUInu', 'Facebook': '', 'Reddit': None}"
betbuinu,crypto,BetbuInu,crypto,betbuinu,https://www.notebookcheck.net/Popular-YouTuber-steals-US-500-000-from-fans-and-shamelessly-buys-a-new-Tesla-with-the-money.597273.0.html,https://www.betbuinu.com/,"{'Twitter': 'BETBUInu', 'Facebook': '', 'Reddit': None}"
newton-project,new,Newton Project,new,newtonproject,https://www.notebookcheck.net/Popular-YouTuber-steals-US-500-000-from-fans-and-shamelessly-buys-a-new-Tesla-with-the-money.597273.0.html,https://www.newtonproject.org,"{'Twitter': 'newton_project', 'Facebook': 'newtonproject', 'Reddit': 'https://www.reddit.com/r/Newton_project/'}"
moremoney-usd,money,Moremoney USD,money,moremoneyusd,https://www.notebookcheck.net/Popular-YouTuber-steals-US-500-000-from-fans-and-shamelessly-buys-a-new-Tesla-with-the-money.597273.0.html,https://moremoney.finance/,"{'Twitter': 'Moremoneyfi', 'Facebook': '', 'Reddit': None}"
betbuinu,crypto,BetbuInu,crypto,betbuinu,https://www.reddit.com/r/liquiditymining/comments/15yenyf/need_crypto_scam_recovery_expert/,https://www.betbuinu.com/,"{'Twitter': 'BETBUInu', 'Facebook': '', 'Reddit': None}"
solstream,stream,Solstream,stream,solstream,https://youtube.com/clip/UgkxeY11RKLwsm3xdjQcZ17JKyfs6HRwzs0j,https://www.solstream.io/,"{'Twitter': 'SolStreamCoin', 'Facebook': None, 'Reddit': None}"
betbuinu,crypto,BetbuInu,crypto,betbuinu,https://youtube.com/clip/UgkxeY11RKLwsm3xdjQcZ17JKyfs6HRwzs0j,https://www.betbuinu.com/,"{'Twitter': 'BETBUInu', 'Facebook': '', 'Reddit': None}"
helpico,help,Helpico,help,helpico,https://www.reddit.com/r/CryptoScamBlacklist/comments/15yk8qe/help_crypto_scam/,,"{'Twitter': '', 'Facebook': '', 'Reddit': ''}"
betbuinu,crypto,BetbuInu,crypto,betbuinu,https://www.reddit.com/r/CryptoScamBlacklist/comments/15yk8qe/help_crypto_scam/,https://www.betbuinu.com/,"{'Twitter': 'BETBUInu', 'Facebook': '', 'Reddit': None}"
betbuinu,crypto,BetbuInu,crypto,betbuinu,https://www.reddit.com/r/eth_liquidity_scam/comments/16ohay5/involved_in_a_crypto_scam/,https://www.betbuinu.com/,"{'Twitter': 'BETBUInu', 'Facebook': '', 'Reddit': None}"
paul-token,paul,PAUL,paul,paul,https://clutchpoints.com/celtics-news-paul-pierce-named-in-major-crypto-scam-with-floyd-mayweather-jr-kim-kardashian/,https://aliens.farm,"{'Twitter': 'tezaliensfarm', 'Facebook': '', 'Reddit': None}"
major-dog,major,Major Dog,major,majordog,https://clutchpoints.com/celtics-news-paul-pierce-named-in-major-crypto-scam-with-floyd-mayweather-jr-kim-kardashian/,https://majordog.xyz/,"{'Twitter': 'MajorDogErc', 'Facebook': '', 'Reddit': 'https://www.reddit.com'}"
betbuinu,crypto,BetbuInu,crypto,betbuinu,https://clutchpoints.com/celtics-news-paul-pierce-named-in-major-crypto-scam-with-floyd-mayweather-jr-kim-kardashian/,https://www.betbuinu.com/,"{'Twitter': 'BETBUInu', 'Facebook': '', 'Reddit': None}"
kim-token,kim,KIM Token,kim,kimtoken,https://clutchpoints.com/celtics-news-paul-pierce-named-in-major-crypto-scam-with-floyd-mayweather-jr-kim-kardashian/,https://www.kim.exchange/,"{'Twitter': 'kimprotocol', 'Facebook': '', 'Reddit': 'https://www.reddit.com'}"
betbuinu,crypto,BetbuInu,crypto,betbuinu,https://youtu.be/ORdWE_ffirg,https://www.betbuinu.com/,"{'Twitter': 'BETBUInu', 'Facebook': '', 'Reddit': None}"
bomb-shelter-inu,boom,Bomb Shelter Inu,boom,bombshelterinu,https://youtu.be/ORdWE_ffirg,https://bombshelterinu.com,"{'Twitter': 'BombShelterInu', 'Facebook': None, 'Reddit': None}"
betbuinu,crypto,BetbuInu,crypto,betbuinu,https://www.reddit.com/gallery/17zfmq3,https://www.betbuinu.com/,"{'Twitter': 'BETBUInu', 'Facebook': '', 'Reddit': None}"
livex-network,live,Livex Network,live,livexnetwork,https://v.redd.it/6fsu0fpytaoc1,https://live-x.net/,"{'Twitter': 'Livexnetwork', 'Facebook': '', 'Reddit': 'https://www.reddit.com'}"
dogelon-mars,elon,Dogelon Mars,elon,dogelonmars,https://v.redd.it/6fsu0fpytaoc1,https://dogelonmars.com/,"{'Twitter': 'dogelonmars', 'Facebook': '', 'Reddit': 'https://www.reddit.com/r/dogelon/'}"
alan-musk,musk,Alan Musk,musk,alanmusk,https://v.redd.it/6fsu0fpytaoc1,,"{'Twitter': '', 'Facebook': '', 'Reddit': ''}"
betbuinu,crypto,BetbuInu,crypto,betbuinu,https://v.redd.it/6fsu0fpytaoc1,https://www.betbuinu.com/,"{'Twitter': 'BETBUInu', 'Facebook': '', 'Reddit': None}"
wormhole,w,Wormhole,w,wormhole,https://v.redd.it/6fsu0fpytaoc1,https://wormhole.com/,"{'Twitter': 'wormhole', 'Facebook': '', 'Reddit': 'https://www.reddit.com'}"
betbuinu,crypto,BetbuInu,crypto,betbuinu,https://www.reddit.com/r/Scams/comments/1am6zh9/ams48k_crypto_scam/,https://www.betbuinu.com/,"{'Twitter': 'BETBUInu', 'Facebook': '', 'Reddit': None}"
betbuinu,crypto,BetbuInu,crypto,betbuinu,https://www.reddit.com/r/eth_liquidity_scam/comments/1cyxpbr/whatsapp_group_crypto_scam/,https://www.betbuinu.com/,"{'Twitter': 'BETBUInu', 'Facebook': '', 'Reddit': None}"
betbuinu,crypto,BetbuInu,crypto,betbuinu,https://youtu.be/b2SMtcqE6yo,https://www.betbuinu.com/,"{'Twitter': 'BETBUInu', 'Facebook': '', 'Reddit': None}"
metawars,wars,MetaWars,wars,metawars,https://youtu.be/b2SMtcqE6yo,https://metawars.gg/,"{'Twitter': 'MetaWarsNFT', 'Facebook': '', 'Reddit': 'https://www.reddit.com/r/MetaWarsNFT/'}"
gochain,go,GoChain,go,gochain,https://youtu.be/b2SMtcqE6yo,https://gochain.io/,"{'Twitter': 'go_chain', 'Facebook': 'gochaingo', 'Reddit': 'https://www.reddit.com/r/OfficialGoChain'}"
betbuinu,crypto,BetbuInu,crypto,betbuinu,https://youtu.be/b2SMtcqE6yo,https://www.betbuinu.com/,"{'Twitter': 'BETBUInu', 'Facebook': '', 'Reddit': None}"
betbuinu,crypto,BetbuInu,crypto,betbuinu,https://youtu.be/b2SMtcqE6yo,,"{'Twitter': '', 'Facebook': '', 'Reddit': ''}"
betbuinu,crypto,BetbuInu,crypto,betbuinu,https://youtu.be/b2SMtcqE6yo,https://www.betbuinu.com/,"{'Twitter': 'BETBUInu', 'Facebook': '', 'Reddit': None}"
cryptoblades-kingdoms,king,CryptoBlades Kingdoms,king,cryptobladeskingdoms,https://youtu.be/b2SMtcqE6yo,https://cryptobladeskingdoms.io/,"{'Twitter': 'CBKingdoms', 'Facebook': 'CryptoBlades_official', 'Reddit': 'https://www.reddit.com/r/CryptoBlades_Kingdoms'}"
death-token,death,Death,death,death,https://youtu.be/b2SMtcqE6yo,https://www.deathtoken.net/,"{'Twitter': 'Death_FTM', 'Facebook': '', 'Reddit': None}"
2024pump,pump,2024PUMP,pump,2024pump,https://youtu.be/b2SMtcqE6yo,https://2024pump.com/,"{'Twitter': '2024_Pump', 'Facebook': None, 'Reddit': None}"
dump-trade,dump,dump.trade,dump,dumptrade,https://youtu.be/b2SMtcqE6yo,https://dump.trade,"{'Twitter': 'dumptrade', 'Facebook': None, 'Reddit': None}"
betbuinu,crypto,BetbuInu,crypto,betbuinu,https://i.redd.it/2i2nj9rosh0d1.jpeg,https://www.betbuinu.com/,"{'Twitter': 'BETBUInu', 'Facebook': '', 'Reddit': None}"
betbuinu,crypto,BetbuInu,crypto,betbuinu,https://www.reddit.com/r/CryptoScamBlacklist/comments/16odm1g/scam_update_melayu_crypto_engineering_scam/,https://www.betbuinu.com/,"{'Twitter': 'BETBUInu', 'Facebook': '', 'Reddit': None}"
stealth-deals,deal,Stealth Deals,deal,stealthdeals,https://www.reddit.com/r/OutOfTheLoop/comments/11zm4mp/whats_the_deal_with_ltt_and_the_rise_of_crypto/,https://stealthdeals.org,"{'Twitter': 'StealthDealsETH', 'Facebook': None, 'Reddit': None}"
localtrade,ltt,LocalTrade,ltt,localtrade,https://www.reddit.com/r/OutOfTheLoop/comments/11zm4mp/whats_the_deal_with_ltt_and_the_rise_of_crypto/,https://lab.localtrade.cc/,"{'Twitter': 'LocaltradeC', 'Facebook': '', 'Reddit': None}"
everrise,rise,EverRise,rise,everrise,https://www.reddit.com/r/OutOfTheLoop/comments/11zm4mp/whats_the_deal_with_ltt_and_the_rise_of_crypto/,https://www.everrise.com/,"{'Twitter': 'everrise', 'Facebook': '', 'Reddit': 'https://www.reddit.com/r/EverRise'}"
betbuinu,crypto,BetbuInu,crypto,betbuinu,https://www.reddit.com/r/OutOfTheLoop/comments/11zm4mp/whats_the_deal_with_ltt_and_the_rise_of_crypto/,https://www.betbuinu.com/,"{'Twitter': 'BETBUInu', 'Facebook': '', 'Reddit': None}"
lightyears,year,Lightyears,year,lightyears,https://www.reddit.com/r/OutOfTheLoop/comments/11zm4mp/whats_the_deal_with_ltt_and_the_rise_of_crypto/,,"{'Twitter': '', 'Facebook': '', 'Reddit': ''}"
paul-token,paul,PAUL,paul,paul,https://www.reddit.com/r/CryptoCurrency/comments/127kqrb/if_jake_paul_is_only_fined_400000_for_a_crypto/,https://aliens.farm,"{'Twitter': 'tezaliensfarm', 'Facebook': '', 'Reddit': None}"
betbuinu,crypto,BetbuInu,crypto,betbuinu,https://www.reddit.com/r/CryptoCurrency/comments/127kqrb/if_jake_paul_is_only_fined_400000_for_a_crypto/,https://www.betbuinu.com/,"{'Twitter': 'BETBUInu', 'Facebook': '', 'Reddit': None}"
decentral-games-ice,ice,Decentral Games ICE,ice,decentralgamesice,https://youtu.be/A7MaoD4tJuc,,"{'Twitter': 'decentralgames', 'Facebook': '', 'Reddit': 'https://www.reddit.com'}"
poseidon-2,psdn,Poseidon,psdn,poseidon,https://youtu.be/A7MaoD4tJuc,https://www.h2odata.xyz/,"{'Twitter': 'H2O_data', 'Facebook': '', 'Reddit': None}"
betbuinu,crypto,BetbuInu,crypto,betbuinu,https://youtu.be/A7MaoD4tJuc,https://www.betbuinu.com/,"{'Twitter': 'BETBUInu', 'Facebook': '', 'Reddit': None}"
tryhards,try,TryHards,try,tryhards,https://youtu.be/A7MaoD4tJuc,https://tryhards.io/,"{'Twitter': 'Tryhardsio', 'Facebook': '', 'Reddit': None}"
secret-block-hide,hide,Hide Coin,hide,hidecoin,https://youtu.be/A7MaoD4tJuc,https://secretblock.io,"{'Twitter': 'secretblockio', 'Facebook': None, 'Reddit': None}"
fact0rn,fact,Fact0rn,fact,fact0rn,https://youtu.be/A7MaoD4tJuc,,"{'Twitter': '', 'Facebook': '', 'Reddit': ''}"
argo,argo,ArGoApp,argo,argoapp,https://www.reddit.com/r/ArgoBlockchain/comments/18p430w/argo_blockchain_scam_group/,https://spheron.network/,"{'Twitter': '', 'Facebook': '', 'Reddit': None}"
million,mm,Million,mm,million,https://x.com/123456/status/1745319515389387186,https://milliontoken.org/,"{'Twitter': '', 'Facebook': '', 'Reddit': 'https://www.reddit.com/r/milliontoken/'}"
blockstack,stx,Stacks,stx,stacks,https://x.com/123456/status/1745319515389387186,http://stacks.co/,"{'Twitter': 'Stacks', 'Facebook': '', 'Reddit': 'https://www.reddit.com/r/stacks'}"
amaurot,ama,AMAUROT,ama,amaurot,https://x.com/123456/status/1745319515389387186,https://www.meta-utopia.io/,"{'Twitter': 'MW_MetaUtopia', 'Facebook': '', 'Reddit': None}"
moon-app,app,Moon App,app,moonapp,https://www.reddit.com/r/BitcoinBeginners/comments/1cyja5h/blockchain_app_is_a_scam/,https://www.moonapp.io/,"{'Twitter': 'MoonAppOfficial', 'Facebook': '', 'Reddit': 'https://www.reddit.com'}"
betbuinu,crypto,BetbuInu,crypto,betbuinu,https://dailycoin.com/beware-of-crypto-job-scams-targeting-blockchain-developers/,https://www.betbuinu.com/,"{'Twitter': 'BETBUInu', 'Facebook': '', 'Reddit': None}"
jobai,job,JobAi,job,jobai,https://dailycoin.com/beware-of-crypto-job-scams-targeting-blockchain-developers/,https://jobai.shop/,"{'Twitter': 'JobAIofficial', 'Facebook': None, 'Reddit': None}"
2024,2024,2024,2024,2024,https://londonlovesbusiness.com/blockchain-scams-hacks-2024-346-million-lost-ethereum-is-the-most-targeted/,https://2024happynewyear.xyz,"{'Twitter': '2024_NewYear', 'Facebook': None, 'Reddit': None}"
million,mm,Million,mm,million,https://londonlovesbusiness.com/blockchain-scams-hacks-2024-346-million-lost-ethereum-is-the-most-targeted/,,"{'Twitter': '', 'Facebook': '', 'Reddit': ''}"
lost,lost,Lost,lost,lost,https://londonlovesbusiness.com/blockchain-scams-hacks-2024-346-million-lost-ethereum-is-the-most-targeted/,https://lostonsol.com,"{'Twitter': 'savingslost', 'Facebook': None, 'Reddit': None}"
ethereum,eth,Ethereum,eth,ethereum,https://londonlovesbusiness.com/blockchain-scams-hacks-2024-346-million-lost-ethereum-is-the-most-targeted/,https://www.ethereum.org/,"{'Twitter': 'ethereum', 'Facebook': '', 'Reddit': 'https://www.reddit.com/r/ethereum'}"
binance-peg-eos,eos,Binance-Peg EOS,eos,binancepegeos,https://www.reddit.com/r/CryptoCurrency/comments/bu9z4r/eos_is_not_a_blockchain_and_operates_as_a_scam/,https://eos.io/,"{'Twitter': 'block_one_', 'Facebook': '240536563111750', 'Reddit': 'https://www.reddit.com/r/eos/'}"
filmcredits,film,FILMCredits,film,filmcredits,https://www.reddit.com/r/IAmA/comments/14prsnz/i_produced_a_matteroffact_documentary_film_that/,https://decentralized.pictures/,"{'Twitter': 'DCP_Foundation', 'Facebook': '', 'Reddit': 'https://www.reddit.com/r/decentralizedpictures/'}"
nft-stars,nfts,NFT Stars,nfts,nftstars,https://www.reddit.com/r/IAmA/comments/14prsnz/i_produced_a_matteroffact_documentary_film_that/,https://nftstars.app/,"{'Twitter': 'nftstars1', 'Facebook': '', 'Reddit': None}"
de-fi,defi,DeFi,defi,defi,https://www.reddit.com/r/IAmA/comments/14prsnz/i_produced_a_matteroffact_documentary_film_that/,,"{'Twitter': '', 'Facebook': '', 'Reddit': ''}"
amaurot,ama,AMAUROT,ama,amaurot,https://www.reddit.com/r/IAmA/comments/14prsnz/i_produced_a_matteroffact_documentary_film_that/,https://www.meta-utopia.io/,"{'Twitter': 'MW_MetaUtopia', 'Facebook': '', 'Reddit': None}"
anon,anon,ANON,anon,anon,https://www.reddit.com/r/belgium/comments/1cctt99/blockchaincrypto_scam_calls_anon_number/,https://anoncrypto.io/,"{'Twitter': 'ANON_WeAreANON', 'Facebook': '', 'Reddit': 'https://www.reddit.com/r/AnonymousBitcoin/'}"
amaurot,ama,AMAUROT,ama,amaurot,https://www.reddit.com/r/AMADisasters/comments/8rpt8z/blockchain_scams_fake_accounts_ama_disaster/,https://www.meta-utopia.io/,"{'Twitter': 'MW_MetaUtopia', 'Facebook': '', 'Reddit': None}"
freedom-coin,free,FREEdom coin,free,freedomcoin,https://www.reddit.com/r/CryptoCurrency/comments/1clm6z8/scam_yt_influencer_personal_free_mentorship/,https://www.FREEcoin.technology,"{'Twitter': 'THE_FREE_COIN', 'Facebook': 'theFREEcoin', 'Reddit': 'https://www.reddit.com'}"
ambire-wallet,wallet,Ambire Wallet,wallet,ambirewallet,https://www.reddit.com/r/CryptoCurrency/comments/1clm6z8/scam_yt_influencer_personal_free_mentorship/,https://www.ambire.com/,"{'Twitter': 'AmbireWallet', 'Facebook': '', 'Reddit': 'https://www.reddit.com/r/AdEx/'}"
data-bot,data,DataBot,data,databot,https://www.reddit.com/gallery/17flc5h,https://www.data-bot.xyz/,"{'Twitter': 'databot_xyz', 'Facebook': '', 'Reddit': 'https://www.reddit.com'}"
strong,strong,Strong,strong,strong,https://www.youtube.com/watch?v=B28UHQzgYvM&feature=youtu.be,https://strongblock.io/,"{'Twitter': 'Strongblock_io', 'Facebook': 'StrongBlock.io', 'Reddit': None}"
amaurot,ama,AMAUROT,ama,amaurot,https://www.reddit.com/r/Buttcoin/comments/18505c2/ama_peter_howson_author_of_the_new_book_let_them/,https://www.meta-utopia.io/,"{'Twitter': 'MW_MetaUtopia', 'Facebook': '', 'Reddit': None}"
newton-project,new,Newton Project,new,newtonproject,https://www.reddit.com/r/Buttcoin/comments/18505c2/ama_peter_howson_author_of_the_new_book_let_them/,https://www.newtonproject.org,"{'Twitter': 'newton_project', 'Facebook': 'newtonproject', 'Reddit': 'https://www.reddit.com/r/Newton_project/'}"
book-2,book,BOOK,book,book,https://www.reddit.com/r/Buttcoin/comments/18505c2/ama_peter_howson_author_of_the_new_book_let_them/,https://book.io,"{'Twitter': 'book_io', 'Facebook': '', 'Reddit': 'https://www.reddit.com'}"
linkeye,let,Linkeye,let,linkeye,https://www.reddit.com/r/Buttcoin/comments/18505c2/ama_peter_howson_author_of_the_new_book_let_them/,https://www.linkeye.com/,"{'Twitter': 'LinkEyeProject', 'Facebook': 'linkeye.linkeye', 'Reddit': 'https://www.reddit.com/r/ico/'}"
betbuinu,crypto,BetbuInu,crypto,betbuinu,https://www.reddit.com/r/Buttcoin/comments/18505c2/ama_peter_howson_author_of_the_new_book_let_them/,https://www.betbuinu.com/,"{'Twitter': 'BETBUInu', 'Facebook': '', 'Reddit': None}"
worldwide,world,WORLDWIDE,world,worldwide,https://www.reddit.com/r/Buttcoin/comments/18505c2/ama_peter_howson_author_of_the_new_book_let_them/,https://theworldwidetoken.com,"{'Twitter': 'WORLDWIDE_TOKEN', 'Facebook': '', 'Reddit': 'https://www.reddit.com'}"
post-tech,post,Post.Tech,post,posttech,https://www.reddit.com/r/Buttcoin/comments/18505c2/ama_peter_howson_author_of_the_new_book_let_them/,https://post.tech/home,"{'Twitter': 'PostTechSoFi', 'Facebook': None, 'Reddit': None}"
pete,pete,PETE,pete,pete,https://www.reddit.com/r/Buttcoin/comments/18505c2/ama_peter_howson_author_of_the_new_book_let_them/,https://pete.so/,"{'Twitter': 'petefrogduck', 'Facebook': None, 'Reddit': None}"
constitutiondao,people,ConstitutionDAO,people,constitutiondao,https://www.reddit.com/r/Bitcoin/comments/103iug7/why_are_people_saying_blockchaincom_is_a_scam/,,"{'Twitter': '', 'Facebook': '', 'Reddit': ''}"
helpico,help,Helpico,help,helpico,https://www.reddit.com/r/CryptoCurrency/comments/197zkgu/deepfakes_scams_are_growing_surely_blockchain_can/,,"{'Twitter': '', 'Facebook': '', 'Reddit': ''}"
doctor-evil,evil,Doctor Evil,evil,doctorevil,https://au.finance.yahoo.com/news/nab-banker-saves-desperate-couple-from-elaborate-40k-scam-043451181.html,http://doctorevil.io/,"{'Twitter': 'DoctorEvil_io', 'Facebook': '', 'Reddit': None}"
bank,bank,BANK AI,bank,bankai,https://au.finance.yahoo.com/news/nab-banker-saves-desperate-couple-from-elaborate-40k-scam-043451181.html,https://bankai.app/,"{'Twitter': 'Bank_AIETH', 'Facebook': '', 'Reddit': 'https://www.reddit.com'}"
putincoin,put,PUTinCoin,put,putincoin,https://au.finance.yahoo.com/news/nab-banker-saves-desperate-couple-from-elaborate-40k-scam-043451181.html,https://putincoin.org,"{'Twitter': 'coin_put', 'Facebook': '', 'Reddit': 'https://www.reddit.com/r/PutinCoin/'}"
jobai,job,JobAi,job,jobai,https://www.reddit.com/r/Upwork/comments/14nat71/scam_warning_blockchain_developer_job_postings/,https://jobai.shop/,"{'Twitter': 'JobAIofficial', 'Facebook': None, 'Reddit': None}"
game,gtc,Game,gtc,game,https://www.cryptopolitan.com/the-game-charged-for-promoting-scam-ico,,"{'Twitter': '', 'Facebook': '', 'Reddit': ''}"
gocharge-tech,charged,GoCharge Tech,charged,gochargetech,https://www.cryptopolitan.com/the-game-charged-for-promoting-scam-ico,https://gocharge.tech/,"{'Twitter': 'goChargeHQ', 'Facebook': '', 'Reddit': 'https://www.reddit.com'}"
antmons,ams,Antmons,ams,antmons,https://www.reddit.com/r/Scams/comments/18xf37c/ams20t_or_ams_token_the_latest_iteration_of_the/,https://antmons.com/,"{'Twitter': 'AntmonsOfficial', 'Facebook': None, 'Reddit': None}"
tokenfi,token,TokenFi,token,tokenfi,https://www.reddit.com/r/Scams/comments/18xf37c/ams20t_or_ams_token_the_latest_iteration_of_the/,https://tokenfi.com,"{'Twitter': 'tokenfi', 'Facebook': '', 'Reddit': 'https://www.reddit.com'}"
betbuinu,crypto,BetbuInu,crypto,betbuinu,https://www.reddit.com/r/Scams/comments/18xf37c/ams20t_or_ams_token_the_latest_iteration_of_the/,https://www.betbuinu.com/,"{'Twitter': 'BETBUInu', 'Facebook': '', 'Reddit': None}"
white-lotus,lotus,White Lotus,lotus,whitelotus,https://www.reddit.com/r/CryptoCurrency/comments/7wmp1f/scam_lotus_ico_lotussh_has_me_listed_as_a_team/,https://thewhitelotus.xyz/,"{'Twitter': '', 'Facebook': '', 'Reddit': None}"
member,member,member,member,member,https://www.reddit.com/r/CryptoCurrency/comments/7wmp1f/scam_lotus_ico_lotussh_has_me_listed_as_a_team/,https://member.clinic/,"{'Twitter': 'mlmwtf', 'Facebook': '', 'Reddit': 'https://www.reddit.com'}"
malou,never,MALOU,never,malou,https://www.reddit.com/r/CryptoCurrency/comments/7wmp1f/scam_lotus_ico_lotussh_has_me_listed_as_a_team/,https://malou.win/,"{'Twitter': 'malounever', 'Facebook': None, 'Reddit': None}"
get-token,get,GET Protocol,get,getprotocol,https://www.reddit.com/r/CryptoCurrency/comments/11d29fl/did_i_just_get_scammed_like_a_noob_by_an_ico_qtn/,https://get-protocol.io/,"{'Twitter': 'getprotocol', 'Facebook': '', 'Reddit': 'https://www.reddit.com/r/GETprotocol/'}"
likecoin,like,LikeCoin,like,likecoin,https://www.reddit.com/r/CryptoCurrency/comments/11d29fl/did_i_just_get_scammed_like_a_noob_by_an_ico_qtn/,https://like.co/,"{'Twitter': 'likecoin', 'Facebook': 'Liker.Land', 'Reddit': 'https://www.reddit.com'}"
gensler,sec,gensler,sec,gensler,https://i.redd.it/oyt97rfgt6ub1.jpg,https://www.genslersec.world/,"{'Twitter': None, 'Facebook': '', 'Reddit': 'https://www.reddit.com'}"
rug-rugged-art,rug,Rug,rug,rug,https://i.redd.it/oyt97rfgt6ub1.jpg,https://www.rugged.art/,"{'Twitter': 'rugged_dot_art', 'Facebook': '', 'Reddit': 'https://www.reddit.com'}"
solspend,spend,SolSpend,spend,solspend,https://i.redd.it/oyt97rfgt6ub1.jpg,,"{'Twitter': '', 'Facebook': '', 'Reddit': ''}"
batcat,btc,batcat,btc,batcat,https://i.redd.it/oyt97rfgt6ub1.jpg,https://batcat.lol/,"{'Twitter': 'BatCatonsolana', 'Facebook': '', 'Reddit': 'https://www.reddit.com'}"
defispot,spot,Defispot,spot,defispot,https://i.redd.it/oyt97rfgt6ub1.jpg,https://defispot.com/,"{'Twitter': 'defispot', 'Facebook': '', 'Reddit': 'https://www.reddit.com'}"
etf-rocks,etf,ETF Rocks,etf,etfrocks,https://i.redd.it/oyt97rfgt6ub1.jpg,https://etf.rocks,"{'Twitter': '', 'Facebook': '', 'Reddit': 'https://www.reddit.com'}"
member,member,member,member,member,https://www.reddit.com/r/ethereum/comments/7nvigr/warning_scam_ico_othororg_list_vitalik_as_a_team/,https://member.clinic/,"{'Twitter': 'mlmwtf', 'Facebook': '', 'Reddit': 'https://www.reddit.com'}"
send-finance,send,Send Finance,send,sendfinance,https://www.reddit.com/r/ethereum/comments/7nvigr/warning_scam_ico_othororg_list_vitalik_as_a_team/,https://send.finance/,"{'Twitter': 'send_finance_', 'Facebook': None, 'Reddit': None}"
nfstay,stay,NFsTay,stay,nfstay,https://www.reddit.com/r/ethereum/comments/7nvigr/warning_scam_ico_othororg_list_vitalik_as_a_team/,https://nfstay.com/,"{'Twitter': 'nfstayofficial', 'Facebook': None, 'Reddit': None}"
basesafe,safe,BaseSafe,safe,basesafe,https://www.reddit.com/r/ethereum/comments/7nvigr/warning_scam_ico_othororg_list_vitalik_as_a_team/,https://basesafe.org/,"{'Twitter': 'BaseSafeERC', 'Facebook': None, 'Reddit': None}"
rush-2,rush,RUSH,rush,rush,https://www.reddit.com/r/CryptoScams/comments/18fikiw/nuggest_rush_ico_nugx_is_a_scam/,https://solanarush.com,"{'Twitter': 'solanarush', 'Facebook': None, 'Reddit': None}"
nfstay,stay,NFsTay,stay,nfstay,https://www.reddit.com/r/CryptoCurrency/comments/i2t327/stay_away_from_the_cryptocom_scam_they_cheated/,https://nfstay.com/,"{'Twitter': 'nfstayofficial', 'Facebook': None, 'Reddit': None}"
newton-project,new,Newton Project,new,newtonproject,https://www.reddit.com/r/CryptoScams/comments/15wpaig/new_ico_scam_or_legit/,https://www.newtonproject.org,"{'Twitter': 'newton_project', 'Facebook': 'newtonproject', 'Reddit': 'https://www.reddit.com/r/Newton_project/'}"
million,mm,Million,mm,million,https://www.ccn.com/over-and-out-savedroid-ico-makes-apparent-exit-scam/,,"{'Twitter': '', 'Facebook': '', 'Reddit': ''}"
savedroid,svd,Savedroid,svd,savedroid,https://www.ccn.com/over-and-out-savedroid-ico-makes-apparent-exit-scam/,https://ico.savedroid.com/,"{'Twitter': 'savedroidAG', 'Facebook': 'savedroid', 'Reddit': 'https://www.reddit.com/r/savedroid_ico/'}"
blacksmith-token,bs,Blacksmith Token,bs,blacksmithtoken,https://i.redd.it/76p2qepcrpsz.jpg,https://www.blacksmith.so/,"{'Twitter': 'Blacksmith0x', 'Facebook': '', 'Reddit': 'https://www.reddit.com'}"
we-re-so-back,back,We're so back,back,weresoback,https://i.redd.it/76p2qepcrpsz.jpg,https://soback.money/,"{'Twitter': 'OVERorBACK', 'Facebook': None, 'Reddit': None}"
butter,butter,Butter,butter,butter,https://arstechnica.com/tech-policy/2018/12/ohio-congressman-we-can-fund-border-wall-with-wallcoin/,https://www.butter.lol/,"{'Twitter': 'buttercoineth', 'Facebook': '', 'Reddit': None}"
a-fund-baby,fund,A Fund Baby,fund,afundbaby,https://arstechnica.com/tech-policy/2018/12/ohio-congressman-we-can-fund-border-wall-with-wallcoin/,https://staking.canisventures.com,"{'Twitter': 'AskFundBaby', 'Facebook': None, 'Reddit': None}"
du-rove-s-wall,$wall,Du Roveâ€™s Wall,wall,duroveswall,https://arstechnica.com/tech-policy/2018/12/ohio-congressman-we-can-fund-border-wall-with-wallcoin/,https://wall-jetton.org/,"{'Twitter': '', 'Facebook': '', 'Reddit': 'https://www.reddit.com'}"
mollarstoken,mollars,MollarsToken,mollars,mollarstoken,https://www.reddit.com/r/CryptoMoonShots/comments/18hql2v/mollars_mollars_ico_store_of_value_erc20_sov/,https://mollars.com,"{'Twitter': 'mollarstoken', 'Facebook': '', 'Reddit': 'https://www.reddit.com'}"
mollarstoken,mollars,MollarsToken,mollars,mollarstoken,https://www.reddit.com/r/CryptoMoonShots/comments/18hql2v/mollars_mollars_ico_store_of_value_erc20_sov/,https://mollars.com,"{'Twitter': 'mollarstoken', 'Facebook': '', 'Reddit': 'https://www.reddit.com'}"
bit-store-coin,store,Bit Store,store,bitstore,https://www.reddit.com/r/CryptoMoonShots/comments/18hql2v/mollars_mollars_ico_store_of_value_erc20_sov/,https://bit.store/bitstore/,"{'Twitter': 'www_bit_store', 'Facebook': '', 'Reddit': 'https://www.reddit.com/r/bitstore/'}"
value-liquidity,value,Value DeFi,value,valuedefi,https://www.reddit.com/r/CryptoMoonShots/comments/18hql2v/mollars_mollars_ico_store_of_value_erc20_sov/,https://valuedefi.io/,"{'Twitter': 'value_defi', 'Facebook': '', 'Reddit': None}"
shib-original-vision,sov,Shib Original Vision,sov,shiboriginalvision,https://www.reddit.com/r/CryptoMoonShots/comments/18hql2v/mollars_mollars_ico_store_of_value_erc20_sov/,,"{'Twitter': '', 'Facebook': '', 'Reddit': ''}"
tokenfi,token,TokenFi,token,tokenfi,https://www.reddit.com/r/CryptoMoonShots/comments/18hql2v/mollars_mollars_ico_store_of_value_erc20_sov/,https://tokenfi.com,"{'Twitter': 'tokenfi', 'Facebook': '', 'Reddit': 'https://www.reddit.com'}"
ethereum,eth,Ethereum,eth,ethereum,https://www.reddit.com/r/CryptoMoonShots/comments/18hql2v/mollars_mollars_ico_store_of_value_erc20_sov/,https://www.ethereum.org/,"{'Twitter': 'ethereum', 'Facebook': '', 'Reddit': 'https://www.reddit.com/r/ethereum'}"
mollarstoken,mollars,MollarsToken,mollars,mollarstoken,https://www.reddit.com/r/CryptoMoonShots/comments/18hql2v/mollars_mollars_ico_store_of_value_erc20_sov/,https://mollars.com,"{'Twitter': 'mollarstoken', 'Facebook': '', 'Reddit': 'https://www.reddit.com'}"
de-fi,defi,DeFi,defi,defi,https://www.reddit.com/r/CryptoCurrency/comments/n074xs/these_defi_yield_farming_and_meme_coins_are_the/,https://de.fi/,"{'Twitter': 'defi', 'Facebook': '', 'Reddit': 'https://www.reddit.com'}"
crypto-valleys-yield-token,yield,Crypto Valleys YIELD Token,yield,cryptovalleysyieldtoken,https://www.reddit.com/r/CryptoCurrency/comments/n074xs/these_defi_yield_farming_and_meme_coins_are_the/,,"{'Twitter': '', 'Facebook': '', 'Reddit': ''}"
meme-brc-20,meme,MEME (Ordinals),meme,memeordinals,https://www.reddit.com/r/CryptoCurrency/comments/n074xs/these_defi_yield_farming_and_meme_coins_are_the/,https://www.memebrc.com/,"{'Twitter': 'memebrc', 'Facebook': '', 'Reddit': 'https://www.reddit.com'}"
newton-project,new,Newton Project,new,newtonproject,https://www.reddit.com/r/CryptoCurrency/comments/n074xs/these_defi_yield_farming_and_meme_coins_are_the/,https://www.newtonproject.org,"{'Twitter': 'newton_project', 'Facebook': 'newtonproject', 'Reddit': 'https://www.reddit.com/r/Newton_project/'}"
moremoney-usd,money,Moremoney USD,money,moremoneyusd,https://www.reddit.com/r/CryptoCurrency/comments/9sucui/60m_ico_scam_uncovered_serial_perpetrators_and/,https://moremoney.finance/,"{'Twitter': 'Moremoneyfi', 'Facebook': '', 'Reddit': None}"
no-one,noone,No One,noone,noone,https://www.reddit.com/r/CryptoScams/comments/xpcnd3/tknthe_17m_ico_scam_noone_talks_about/,https://no-one.io,"{'Twitter': 'NooneProphecy', 'Facebook': '', 'Reddit': 'https://www.reddit.com/r/noone_erc/'}"
smartlink,smak,Smartlink,smak,smartlink,https://www.reddit.com/r/tezos/comments/n1r3f3/smartlink_ico_potential_scam_tezos_be_aware_of_it/,https://www.smartlink.so/,"{'Twitter': 'smartlinkHQ', 'Facebook': '', 'Reddit': 'https://www.reddit.com/r/SmartlinkOfficial/'}"
tezos,xtz,Tezos,xtz,tezos,https://www.reddit.com/r/tezos/comments/n1r3f3/smartlink_ico_potential_scam_tezos_be_aware_of_it/,https://www.tezos.com/,"{'Twitter': 'tezos', 'Facebook': '', 'Reddit': 'https://www.reddit.com/r/tezos'}"
defispot,spot,Defispot,spot,defispot,https://www.reddit.com/r/NFTExchange/comments/s6vw4m/how_to_spot_ico_scams/,https://defispot.com/,"{'Twitter': 'defispot', 'Facebook': '', 'Reddit': 'https://www.reddit.com'}"
looksrare,looks,LooksRare,looks,looksrare,https://www.reddit.com/r/ethtrader/comments/63nv4u/to_everyone_that_bought_into_the_matchpool_ico_it/,,"{'Twitter': '', 'Facebook': '', 'Reddit': ''}"
likecoin,like,LikeCoin,like,likecoin,https://www.reddit.com/r/ethtrader/comments/63nv4u/to_everyone_that_bought_into_the_matchpool_ico_it/,https://like.co/,"{'Twitter': 'likecoin', 'Facebook': 'Liker.Land', 'Reddit': 'https://www.reddit.com'}"
pulselaunch,launch,PulseLaunch,launch,pulselaunch,https://twitter.com/alemacgo/status/966072887319973891,https://www.pulselaunch.xyz/,"{'Twitter': 'Pulse_Launch', 'Facebook': '', 'Reddit': 'https://www.reddit.com'}"
constitutiondao,people,ConstitutionDAO,people,constitutiondao,https://www.reddit.com/r/CryptoCurrency/comments/7jjkmn/after_being_raped_by_confido_i_want_to_warn_other/,https://www.constitutiondao.com/,"{'Twitter': 'constitutiondao', 'Facebook': '', 'Reddit': 'https://www.reddit.com'}"
ccfound-2,found,ccFound,found,ccfound,https://www.reddit.com/r/CryptoCurrency/comments/7jjkmn/after_being_raped_by_confido_i_want_to_warn_other/,https://shop.ccfound.com/,"{'Twitter': 'ccFOUND_Global', 'Facebook': '', 'Reddit': 'https://www.reddit.com'}"
harmony,one,Harmony,one,harmony,https://www.reddit.com/r/CryptoCurrency/comments/7jjkmn/after_being_raped_by_confido_i_want_to_warn_other/,https://harmony.one/,"{'Twitter': 'harmonyprotocol', 'Facebook': '', 'Reddit': 'https://www.reddit.com/r/harmony_one/'}"
status,snt,Status,snt,status,https://i.redd.it/ykh6phj3an4z.png,https://status.im/,"{'Twitter': 'ethstatus', 'Facebook': 'ethstatus', 'Reddit': 'https://www.reddit.com/r/statusim/'}"
big-eyes,big,Big Eyes,big,bigeyes,https://www.reddit.com/r/CryptoCurrency/comments/m6b53a/sbf_alameda_group_are_a_big_scam_entity_beware_of/,,"{'Twitter': '', 'Facebook': '', 'Reddit': ''}"
livex-network,live,Livex Network,live,livexnetwork,https://www.reddit.com/r/CryptoCurrency/comments/m6b53a/sbf_alameda_group_are_a_big_scam_entity_beware_of/,https://live-x.net/,"{'Twitter': 'Livexnetwork', 'Facebook': '', 'Reddit': 'https://www.reddit.com'}"
tron,trx,TRON,trx,tron,https://www.reddit.com/r/CryptoCurrency/comments/v1mrz5/so_are_we_going_to_ignore_that_tron_trx_with_75/,https://tron.network,"{'Twitter': 'trondao', 'Facebook': 'tronfoundation', 'Reddit': 'https://www.reddit.com/r/Tronix'}"
tron,trx,TRON,trx,tron,https://www.reddit.com/r/CryptoCurrency/comments/v1mrz5/so_are_we_going_to_ignore_that_tron_trx_with_75/,,"{'Twitter': '', 'Facebook': '', 'Reddit': ''}"
based-brians,cap,Based Brians,cap,basedbrians,https://www.reddit.com/r/CryptoCurrency/comments/v1mrz5/so_are_we_going_to_ignore_that_tron_trx_with_75/,https://www.basedbrians.art,"{'Twitter': 'BriansBased', 'Facebook': None, 'Reddit': None}"
lost,lost,Lost,lost,lost,https://www.reddit.com/r/CryptoCurrency/comments/1cawkb0/970k_lost_in_ledger_nft_scam/,https://lostonsol.com,"{'Twitter': 'savingslost', 'Facebook': None, 'Reddit': None}"
apenft,nft,APENFT,nft,apenft,https://www.reddit.com/r/CryptoCurrency/comments/1cawkb0/970k_lost_in_ledger_nft_scam/,https://apenft.org/,"{'Twitter': 'apenftorg', 'Facebook': '', 'Reddit': None}"
paid-network,paid,PAID Network,paid,paidnetwork,https://v.redd.it/mcakngaf4dzb1,https://paidnetwork.com/,"{'Twitter': 'paid_network', 'Facebook': '', 'Reddit': 'https://www.reddit.com'}"
apenft,nft,APENFT,nft,apenft,https://v.redd.it/mcakngaf4dzb1,https://apenft.org/,"{'Twitter': 'apenftorg', 'Facebook': '', 'Reddit': None}"
strong,strong,Strong,strong,strong,https://v.redd.it/mcakngaf4dzb1,,"{'Twitter': '', 'Facebook': '', 'Reddit': ''}"
apenft,nft,APENFT,nft,apenft,https://www.reddit.com/r/CoinBase/comments/17u5fbu/nft_scam_please_help/,https://apenft.org/,"{'Twitter': 'apenftorg', 'Facebook': '', 'Reddit': None}"
helpico,help,Helpico,help,helpico,https://www.reddit.com/r/CoinBase/comments/17u5fbu/nft_scam_please_help/,,"{'Twitter': '', 'Facebook': '', 'Reddit': ''}"
openworldnft,owner,OPENWORLDNFT,owner,openworldnft,https://i.redd.it/2edm6xt08zhb1.png,https://openworldnft.io/,"{'Twitter': 'OpenWorldNFT999', 'Facebook': None, 'Reddit': None}"
apenft,nft,APENFT,nft,apenft,https://i.redd.it/2edm6xt08zhb1.png,https://apenft.org/,"{'Twitter': 'apenftorg', 'Facebook': '', 'Reddit': None}"
apenft,nft,APENFT,nft,apenft,https://youtu.be/AVqcwi1ZTSA,https://apenft.org/,"{'Twitter': 'apenftorg', 'Facebook': '', 'Reddit': None}"
chainlink,link,Chainlink,link,chainlink,https://youtu.be/AVqcwi1ZTSA,https://chain.link/,"{'Twitter': 'chainlink', 'Facebook': '', 'Reddit': 'https://www.reddit.com/r/Chainlink/'}"
banano,ban,Banano,ban,banano,https://i.redd.it/eg9xi7bqi1i81.png,https://banano.cc,"{'Twitter': 'bananocoin', 'Facebook': 'bananocurrency', 'Reddit': 'https://www.reddit.com/r/banano/'}"
apenft,nft,APENFT,nft,apenft,https://i.redd.it/eg9xi7bqi1i81.png,https://apenft.org/,"{'Twitter': 'apenftorg', 'Facebook': '', 'Reddit': None}"
subsocial,sub,Subsocial,sub,subsocial,https://i.redd.it/eg9xi7bqi1i81.png,https://subsocial.network/,"{'Twitter': 'subsocialchain', 'Facebook': 'Subsocial.Network', 'Reddit': 'https://www.reddit.com/r/Subsocial/'}"
betbuinu,crypto,BetbuInu,crypto,betbuinu,https://twitter.com/DietColaNation/status/1524991842550288384,https://www.betbuinu.com/,"{'Twitter': 'BETBUInu', 'Facebook': '', 'Reddit': None}"
apenft,nft,APENFT,nft,apenft,https://twitter.com/DietColaNation/status/1524991842550288384,https://apenft.org/,"{'Twitter': 'apenftorg', 'Facebook': '', 'Reddit': None}"
chesscoin-0-32,chess,ChessCoin 0.32%,chess,chesscoin032,https://twitter.com/DietColaNation/status/1524991842550288384,https://www.chesscoin032.com/,"{'Twitter': '032ChessCoin', 'Facebook': '', 'Reddit': 'https://www.reddit.com'}"
family-guy,guy,Family Guy,guy,familyguy,https://www.youtube.com/watch?v=exbxjXAqQ5Y,http://guycoin.xyz/,"{'Twitter': 'guycoineth', 'Facebook': None, 'Reddit': None}"
cryptozoo,zoo,CryptoZoo,zoo,cryptozoo,https://www.youtube.com/watch?v=exbxjXAqQ5Y,https://cryptozoo.co/,"{'Twitter': 'cryptozooco', 'Facebook': '', 'Reddit': 'https://www.reddit.com/r/cryptozooco'}"
apenft,nft,APENFT,nft,apenft,https://www.youtube.com/watch?v=exbxjXAqQ5Y,,"{'Twitter': '', 'Facebook': '', 'Reddit': ''}"
game,gtc,Game,gtc,game,https://www.youtube.com/watch?v=exbxjXAqQ5Y,http://www.game.com,"{'Twitter': 'gamecom666', 'Facebook': 'Gamecom-2055954348021983', 'Reddit': 'https://www.reddit.com'}"
apenft,nft,APENFT,nft,apenft,https://i.redd.it/1t0slwo8h1ib1.jpg,https://apenft.org/,"{'Twitter': 'apenftorg', 'Facebook': '', 'Reddit': None}"
apenft,nft,APENFT,nft,apenft,https://clips.twitch.tv/SleepySuspiciousJalapenoResidentSleeper-hp7QSnKAAI90szNG,https://apenft.org/,"{'Twitter': 'apenftorg', 'Facebook': '', 'Reddit': None}"
apenft,nft,APENFT,nft,apenft,https://twitter.com/myclipstv/status/1432883112120250368,https://apenft.org/,"{'Twitter': 'apenftorg', 'Facebook': '', 'Reddit': None}"
apenft,nft,APENFT,nft,apenft,https://cryptopotato.com/coffeezilla-accuses-khabib-nurmagomedov-of-promoting-nft-scam/,https://apenft.org/,"{'Twitter': 'apenftorg', 'Facebook': '', 'Reddit': None}"
apenft,nft,APENFT,nft,apenft,https://twitter.com/MontanaBlack/status/1492451795767070720,https://apenft.org/,"{'Twitter': 'apenftorg', 'Facebook': '', 'Reddit': None}"
apenft,nft,APENFT,nft,apenft,https://twitter.com/MontanaBlack/status/1492451795767070720,https://apenft.org/,"{'Twitter': 'apenftorg', 'Facebook': '', 'Reddit': None}"
everyworld,every,Everyworld,every,everyworld,https://www.reddit.com/r/ethereum/comments/tz7p9w/i_fell_for_every_nft_scam_in_10_minutes/,https://www.everyworld.com/,"{'Twitter': 'JoinEveryworld', 'Facebook': '', 'Reddit': 'https://www.reddit.com'}"
apenft,nft,APENFT,nft,apenft,https://www.reddit.com/r/ethereum/comments/tz7p9w/i_fell_for_every_nft_scam_in_10_minutes/,https://apenft.org/,"{'Twitter': 'apenftorg', 'Facebook': '', 'Reddit': None}"
apenft,nft,APENFT,nft,apenft,https://v.redd.it/ihhazv6yucx81,,"{'Twitter': '', 'Facebook': '', 'Reddit': ''}"
adreward,ad,ADreward,ad,adreward,https://v.redd.it/ihhazv6yucx81,https://adreward.io,"{'Twitter': 'ADreward_AD', 'Facebook': '', 'Reddit': 'https://www.reddit.com'}"
unicorn-metaverse,universe,Unicorn Metaverse,universe,unicornmetaverse,https://v.redd.it/ihhazv6yucx81,https://rarity.garden/,"{'Twitter': 'rarity_garden', 'Facebook': None, 'Reddit': None}"
eve,eve the cat,EVE,evethecat,eve,https://www.reddit.com/r/Eve/comments/qql2sf/eve_shouldnt_get_in_on_nft_scams/,https://evecat.tech,"{'Twitter': 'EVEtheCatFRAX', 'Facebook': None, 'Reddit': None}"
get-token,get,GET Protocol,get,getprotocol,https://www.reddit.com/r/Eve/comments/qql2sf/eve_shouldnt_get_in_on_nft_scams/,https://get-protocol.io/,"{'Twitter': 'getprotocol', 'Facebook': '', 'Reddit': 'https://www.reddit.com/r/GETprotocol/'}"
apenft,nft,APENFT,nft,apenft,https://www.reddit.com/r/Eve/comments/qql2sf/eve_shouldnt_get_in_on_nft_scams/,https://apenft.org/,"{'Twitter': 'apenftorg', 'Facebook': '', 'Reddit': None}"
aicoin-2,ai,AICoin,ai,aicoin,https://cointelegraph.com/news/rabbit-denies-nft-scam-allegations-coffeezilla,https://www.aicoin.website/,"{'Twitter': 'AICoin_Official', 'Facebook': '', 'Reddit': None}"
gangs-rabbit,rabbit,Gangs Rabbit,rabbit,gangsrabbit,https://cointelegraph.com/news/rabbit-denies-nft-scam-allegations-coffeezilla,https://gangsrabbit.com,"{'Twitter': 'GangsRabbit7777', 'Facebook': None, 'Reddit': None}"
apenft,nft,APENFT,nft,apenft,https://cointelegraph.com/news/rabbit-denies-nft-scam-allegations-coffeezilla,https://apenft.org/,"{'Twitter': 'apenftorg', 'Facebook': '', 'Reddit': None}"
apenft,nft,APENFT,nft,apenft,https://i.redd.it/b4qpfxrfyu5d1.jpeg,https://apenft.org/,"{'Twitter': 'apenftorg', 'Facebook': '', 'Reddit': None}"
apenft,nft,APENFT,nft,apenft,https://i.redd.it/qk7n7uub54na1.jpg,https://apenft.org/,"{'Twitter': 'apenftorg', 'Facebook': '', 'Reddit': None}"
paul-token,paul,PAUL,paul,paul,https://futurism.com/logan-paul-nft-game,https://aliens.farm,"{'Twitter': 'tezaliensfarm', 'Facebook': '', 'Reddit': None}"
apenft,nft,APENFT,nft,apenft,https://futurism.com/logan-paul-nft-game,https://apenft.org/,"{'Twitter': 'apenftorg', 'Facebook': '', 'Reddit': None}"
game,gtc,Game,gtc,game,https://futurism.com/logan-paul-nft-game,http://www.game.com,"{'Twitter': 'gamecom666', 'Facebook': 'Gamecom-2055954348021983', 'Reddit': 'https://www.reddit.com'}"
build,build,BUILD,build,build,https://futurism.com/logan-paul-nft-game,https://app.radioshack.org,"{'Twitter': 'radioshack', 'Facebook': 'RadioShack', 'Reddit': None}"
lost,lost,Lost,lost,lost,https://www.reddit.com/r/solana/comments/1bdfae4/lost_200_on_wif_nft_scam_feeling_stupid_right_now/,https://lostonsol.com,"{'Twitter': 'savingslost', 'Facebook': None, 'Reddit': None}"
dogwifcoin,wif,dogwifhat,wif,dogwifhat,https://www.reddit.com/r/solana/comments/1bdfae4/lost_200_on_wif_nft_scam_feeling_stupid_right_now/,https://dogwifcoin.org,"{'Twitter': 'dogwifcoin', 'Facebook': '', 'Reddit': 'https://www.reddit.com'}"
apenft,nft,APENFT,nft,apenft,https://www.reddit.com/r/solana/comments/1bdfae4/lost_200_on_wif_nft_scam_feeling_stupid_right_now/,https://apenft.org/,"{'Twitter': 'apenftorg', 'Facebook': '', 'Reddit': None}"
apenft,nft,APENFT,nft,apenft,https://www.theverge.com/2022/1/21/22895126/ozzy-osbourne-nft-scam-cryptobatz-hack-ethereum,https://apenft.org/,"{'Twitter': 'apenftorg', 'Facebook': '', 'Reddit': None}"
chainlink,link,Chainlink,link,chainlink,https://www.theverge.com/2022/1/21/22895126/ozzy-osbourne-nft-scam-cryptobatz-hack-ethereum,https://chain.link/,"{'Twitter': 'chainlink', 'Facebook': '', 'Reddit': 'https://www.reddit.com/r/Chainlink/'}"
lost,lost,Lost,lost,lost,https://www.theverge.com/2022/1/21/22895126/ozzy-osbourne-nft-scam-cryptobatz-hack-ethereum,https://lostonsol.com,"{'Twitter': 'savingslost', 'Facebook': None, 'Reddit': None}"
apenft,nft,APENFT,nft,apenft,https://www.reddit.com/r/DotA2/comments/rj5w5a/psa_global_esports_federation_is_an_nft_scam_that/,https://apenft.org/,"{'Twitter': 'apenftorg', 'Facebook': '', 'Reddit': None}"
holoride,ride,holoride,ride,holoride,https://www.reddit.com/r/DotA2/comments/rj5w5a/psa_global_esports_federation_is_an_nft_scam_that/,,"{'Twitter': '', 'Facebook': '', 'Reddit': ''}"
esport,espt,Esport,espt,esport,https://www.reddit.com/r/DotA2/comments/rj5w5a/psa_global_esports_federation_is_an_nft_scam_that/,https://www.bitci.com.tr/en/projects/ESPT,"{'Twitter': '', 'Facebook': '', 'Reddit': 'https://www.reddit.com'}"
apenft,nft,APENFT,nft,apenft,https://www.reddit.com/r/Scams/comments/1ddous3/is_this_an_nft_scam/,https://apenft.org/,"{'Twitter': 'apenftorg', 'Facebook': '', 'Reddit': None}"
apenft,nft,APENFT,nft,apenft,https://www.reddit.com/r/solana/comments/17h2ry3/nft_scam_drained_my_phantom_wallet_feeling_so_sad/,https://apenft.org/,"{'Twitter': 'apenftorg', 'Facebook': '', 'Reddit': None}"
ambire-wallet,wallet,Ambire Wallet,wallet,ambirewallet,https://www.reddit.com/r/solana/comments/17h2ry3/nft_scam_drained_my_phantom_wallet_feeling_so_sad/,https://www.ambire.com/,"{'Twitter': 'AmbireWallet', 'Facebook': '', 'Reddit': 'https://www.reddit.com/r/AdEx/'}"
apenft,nft,APENFT,nft,apenft,https://www.reddit.com/r/Scams/comments/1ckr4g5/nft_scam_on_instagram/,https://apenft.org/,"{'Twitter': 'apenftorg', 'Facebook': '', 'Reddit': None}"
bitcoin,btc,Bitcoin,btc,bitcoin,https://www.reddit.com/r/scambait/comments/1d1nk2t/bitcoin_nft_scam_from_india/,http://www.bitcoin.org,"{'Twitter': 'bitcoin', 'Facebook': 'bitcoins', 'Reddit': 'https://www.reddit.com/r/Bitcoin/'}"
apenft,nft,APENFT,nft,apenft,https://www.reddit.com/r/scambait/comments/1d1nk2t/bitcoin_nft_scam_from_india/,https://apenft.org/,"{'Twitter': 'apenftorg', 'Facebook': '', 'Reddit': None}"
betbuinu,crypto,BetbuInu,crypto,betbuinu,https://i.redd.it/452mryzsog581.jpg,https://www.betbuinu.com/,"{'Twitter': 'BETBUInu', 'Facebook': '', 'Reddit': None}"
keep-finance,keep,Keep Finance,keep,keepfinance,https://i.redd.it/452mryzsog581.jpg,https://keep.finance/,"{'Twitter': 'Keep_Finance', 'Facebook': None, 'Reddit': None}"
apenft,nft,APENFT,nft,apenft,https://i.redd.it/452mryzsog581.jpg,https://apenft.org/,"{'Twitter': 'apenftorg', 'Facebook': '', 'Reddit': None}"
apenft,nft,APENFT,nft,apenft,https://www.reddit.com/r/ArtistLounge/comments/zjih8w/nft_scams_on_ig/,https://apenft.org/,"{'Twitter': 'apenftorg', 'Facebook': '', 'Reddit': None}"
helium,hnt,Helium,hnt,helium,https://www.reddit.com/gallery/133dx7i,https://www.helium.com/,"{'Twitter': 'helium', 'Facebook': 'heliumsystems', 'Reddit': 'https://www.reddit.com/r/HeliumNetwork'}"
ambire-wallet,wallet,Ambire Wallet,wallet,ambirewallet,https://www.reddit.com/gallery/133dx7i,https://www.ambire.com/,"{'Twitter': 'AmbireWallet', 'Facebook': '', 'Reddit': 'https://www.reddit.com/r/AdEx/'}"
apenft,nft,APENFT,nft,apenft,https://www.reddit.com/gallery/133dx7i,https://apenft.org/,"{'Twitter': 'apenftorg', 'Facebook': '', 'Reddit': None}"
big-eyes,big,Big Eyes,big,bigeyes,https://www.reddit.com/gallery/19an218,https://bigeyes.space,"{'Twitter': 'BigEyesCoin', 'Facebook': '', 'Reddit': 'https://www.reddit.com'}"
apenft,nft,APENFT,nft,apenft,https://www.reddit.com/gallery/19an218,,"{'Twitter': '', 'Facebook': '', 'Reddit': ''}"
reallink,real,RealLink,real,reallink,https://www.reddit.com/gallery/19an218,https://www.reallink.vip/,"{'Twitter': 'RealLink001', 'Facebook': '', 'Reddit': None}"
konpay,kon,KonPay,kon,konpay,https://www.reddit.com/r/h3snark/comments/1ccd8jv/ethan_threatens_to_sue_kon_regarding_their_take/,https://konpay.io/,"{'Twitter': 'konpay_official', 'Facebook': '', 'Reddit': 'https://www.reddit.com'}"
takepile,take,Takepile,take,takepile,https://www.reddit.com/r/h3snark/comments/1ccd8jv/ethan_threatens_to_sue_kon_regarding_their_take/,https://takepile.com,"{'Twitter': 'takepile_', 'Facebook': '', 'Reddit': None}"
apenft,nft,APENFT,nft,apenft,https://www.reddit.com/r/h3snark/comments/1ccd8jv/ethan_threatens_to_sue_kon_regarding_their_take/,https://apenft.org/,"{'Twitter': 'apenftorg', 'Facebook': '', 'Reddit': None}"
imagine,imagine,Imagine,imagine,imagine,https://i.redd.it/tnrwrcbv0ppa1.png,https://imagine.community/,"{'Twitter': 'imagineinfra', 'Facebook': '', 'Reddit': 'https://www.reddit.com'}"
moremoney-usd,money,Moremoney USD,money,moremoneyusd,https://i.redd.it/tnrwrcbv0ppa1.png,https://moremoney.finance/,"{'Twitter': 'Moremoneyfi', 'Facebook': '', 'Reddit': None}"
likecoin,like,LikeCoin,like,likecoin,https://i.redd.it/tnrwrcbv0ppa1.png,,"{'Twitter': '', 'Facebook': '', 'Reddit': ''}"
nft-stars,nfts,NFT Stars,nfts,nftstars,https://i.redd.it/tnrwrcbv0ppa1.png,https://nftstars.app/,"{'Twitter': 'nftstars1', 'Facebook': '', 'Reddit': None}"
apenft,nft,APENFT,nft,apenft,https://www.reddit.com/r/CoinBase/comments/1958swe/nft_scam/,https://apenft.org/,"{'Twitter': 'apenftorg', 'Facebook': '', 'Reddit': None}"
apenft,nft,APENFT,nft,apenft,https://www.reddit.com/r/etherscan/comments/1c1qpsi/nft_scam_alert/,https://apenft.org/,"{'Twitter': 'apenftorg', 'Facebook': '', 'Reddit': None}"
apenft,nft,APENFT,nft,apenft,https://i.redd.it/1v9tmipz3sv91.png,https://apenft.org/,"{'Twitter': 'apenftorg', 'Facebook': '', 'Reddit': None}"
apenft,nft,APENFT,nft,apenft,https://i.redd.it/0q667nnsi6lc1.jpeg,https://apenft.org/,"{'Twitter': 'apenftorg', 'Facebook': '', 'Reddit': None}"
apenft,nft,APENFT,nft,apenft,https://www.reddit.com/r/self/comments/s5b1id/just_got_scammed_on_an_nft/,,"{'Twitter': '', 'Facebook': '', 'Reddit': ''}"
degen-pov,pov,Degen POV [OLD],pov,degenpovold,https://i.redd.it/7xnp0jcmvxf81.jpg,https://degenpov.xyz,"{'Twitter': 'povdegen', 'Facebook': '', 'Reddit': 'https://www.reddit.com'}"
nft-stars,nfts,NFT Stars,nfts,nftstars,https://i.redd.it/7xnp0jcmvxf81.jpg,https://nftstars.app/,"{'Twitter': 'nftstars1', 'Facebook': '', 'Reddit': None}"
get-token,get,GET Protocol,get,getprotocol,https://i.redd.it/7xnp0jcmvxf81.jpg,https://get-protocol.io/,"{'Twitter': 'getprotocol', 'Facebook': '', 'Reddit': 'https://www.reddit.com/r/GETprotocol/'}"
apenft,nft,APENFT,nft,apenft,https://i.redd.it/ncy7t9bzlggb1.jpg,,"{'Twitter': '', 'Facebook': '', 'Reddit': ''}"
apenft,nft,APENFT,nft,apenft,https://www.reddit.com/r/brokercomplaintalert/comments/1agb7q9/assessing_nftcryvip_warning_signs_of_an_nft_scam/,https://apenft.org/,"{'Twitter': 'apenftorg', 'Facebook': '', 'Reddit': None}"
hugewin,huge,HugeWin,huge,hugewin,https://www.reddit.com/r/CryptoScams/comments/1bzo30j/huge_scam_network_discovered_draining_millions/,https://hugewin.com/,"{'Twitter': 'hugewincasino', 'Facebook': None, 'Reddit': None}"
lost,lost,Lost,lost,lost,https://www.reddit.com/r/CryptoScams/comments/1bzo30j/huge_scam_network_discovered_draining_millions/,https://lostonsol.com,"{'Twitter': 'savingslost', 'Facebook': None, 'Reddit': None}"
apenft,nft,APENFT,nft,apenft,https://www.reddit.com/r/CryptoScams/comments/1bzo30j/huge_scam_network_discovered_draining_millions/,https://apenft.org/,"{'Twitter': 'apenftorg', 'Facebook': '', 'Reddit': None}"
farmers-only,fox,FoxSwap,fox,foxswap,https://www.reddit.com/r/kings/comments/t0lzt3/anybody_defending_deaaron_fox_and_the_nft_scam/,,"{'Twitter': '', 'Facebook': '', 'Reddit': ''}"
apenft,nft,APENFT,nft,apenft,https://www.reddit.com/r/kings/comments/t0lzt3/anybody_defending_deaaron_fox_and_the_nft_scam/,https://apenft.org/,"{'Twitter': 'apenftorg', 'Facebook': '', 'Reddit': None}"
apenft,nft,APENFT,nft,apenft,https://www.reddit.com/r/Ratschlag/comments/1cg5mt5/nft_scams_bei_kÃ¼nstlern/,https://apenft.org/,"{'Twitter': 'apenftorg', 'Facebook': '', 'Reddit': None}"
three,$three,THREE,three,three,https://www.coindesk.com/policy/2024/06/06/us-charges-three-in-connection-with-evolved-apes-nft-scam/,http://threeprotocol.ai/,"{'Twitter': None, 'Facebook': '', 'Reddit': 'https://www.reddit.com'}"
age-of-apes,apes,AGE OF APES,apes,ageofapes,https://www.coindesk.com/policy/2024/06/06/us-charges-three-in-connection-with-evolved-apes-nft-scam/,https://www.theageofapes.com/,"{'Twitter': 'theageofapes', 'Facebook': None, 'Reddit': None}"
apenft,nft,APENFT,nft,apenft,https://www.coindesk.com/policy/2024/06/06/us-charges-three-in-connection-with-evolved-apes-nft-scam/,https://apenft.org/,"{'Twitter': 'apenftorg', 'Facebook': '', 'Reddit': None}"
apenft,nft,APENFT,nft,apenft,https://www.reddit.com/r/Superstonk/comments/sly7nn/you_think_an_nft_is_a_scam_how_do_you_feel_about/,,"{'Twitter': '', 'Facebook': '', 'Reddit': ''}"
darkcrypto,dark,DarkCrypto,dark,darkcrypto,https://www.reddit.com/r/Superstonk/comments/sly7nn/you_think_an_nft_is_a_scam_how_do_you_feel_about/,https://www.darkcrypto.finance/,"{'Twitter': 'DarkCryptoFi', 'Facebook': '', 'Reddit': None}"
reallink,real,RealLink,real,reallink,https://www.reddit.com/r/Superstonk/comments/sly7nn/you_think_an_nft_is_a_scam_how_do_you_feel_about/,https://www.reallink.vip/,"{'Twitter': 'RealLink001', 'Facebook': '', 'Reddit': None}"
harmony,one,Harmony,one,harmony,https://www.reddit.com/r/Superstonk/comments/sly7nn/you_think_an_nft_is_a_scam_how_do_you_feel_about/,https://harmony.one/,"{'Twitter': 'harmonyprotocol', 'Facebook': '', 'Reddit': 'https://www.reddit.com/r/harmony_one/'}"
beholder,eye,Behodler,eye,behodler,https://www.reddit.com/r/Superstonk/comments/sly7nn/you_think_an_nft_is_a_scam_how_do_you_feel_about/,https://behodler.io,"{'Twitter': 'BehodlerAMM', 'Facebook': '', 'Reddit': None}"
stakeborg-dao,standard,Construct,standard,construct,https://www.reddit.com/r/Superstonk/comments/sly7nn/you_think_an_nft_is_a_scam_how_do_you_feel_about/,https://construct.tools/,"{'Twitter': 'construct_tools', 'Facebook': '', 'Reddit': None}"
