Token Name,Is Scam
Corridor Finance,0
Nyan Heroes,0
Cyber,0
Ouinex,0
zkSync,0
DOGS,0
Pontem,0
ether.fi,0
Ostium,0
Ancient8,0
Usual,0
BlastUP,0
Base,0
Reactor Fusion,0
Merkle Trade,0
PancakeSwap,1
MYX,0
IBX,0
Texture,0
VaultCraft,0
Newtify,0
Grass,0
Lavarage,0
Scroll,0
Swords & Dungeons,0
Rain.fi,0
Macaron,0
Clone,0
Symbiotic,0
SuperBoring,0
Mocaverse,0
Allora,0
Jupiter,0
Kroma,0
Amphor,0
LI.FI,0
ZKcandy,0
Napier Finance,0
Gate.io,1
Sunrise,0
DeBank,0
Rage Trade,0
Zircuit,0
Super Champs,0
Injera,0
PredX,0
Units,0
Camp Network,0
Rivalz Network,0
10K Dex,0
squid,0
GOAT Gaming,0
Hybrid,0
LazyOtter,0
Zerion,0
Chirp,0
Zebra,0
AI Gram,0
Cog Finance,0
StakeStone,0
Mantle,1
Superposition,0
Symmetry Trade,0
Adrena,0
Movement,0
NX Finance,0
Superposition Finance,0
ORA,0
GammaSwap,0
Unite,0
Shardeum,0
Echelon,0
Rho Markets,0
Rainbow,0
Zeta,0
Optopia,0
Blast,0
Zeek Network,0
Summer.fi,0
Infinex,0
Mitosis,0
Sophon,0
Voi Network,0
nftperp,0
Hyperlane,0
NURI Exchange,0
f(x) Protocol,0
The Backwoods,0
Kinetix Finance,0
Binance,1
LayerZero,0
EigenLayer,0
Vest,0
Koi Finance,0
100x,0
DEGEN WAR$,0
Cherry,0
Zest Protocol,0
Catalyst,0
Renzo,0
Mercle,0
GriffinAI,0
Captain & Company,0
IoTeX,0
Orderly Network,0
Sui,0
CoChilli,0
Fhenix,0
Avantis,0
deBridge,0
Aethir,0
Glyph,0
0xAstra,0
SOFA,0
ZKsync,0
Taiko,0
Revert,0
Nexis Network,0
Bitflow,0
KIP Protocol,0
Dunes,0
Biokript,0
D8X,0
Fuel,0
RIZE,0
Jigsaw,0
Turtle Club,0
Rivo.xyz,0
GM Network,0
Pocket Protector,0
Olive Network,0
Zaros,0
Avarik Saga,0
Forma,0
GaiaNet,0
ALIENX,0
Hyperliquid,0
Onchain,0
Syrup,0
Sender Labs,0
Ithaca Protocol,0
Marginly,0
Anichess,0
Equation,0
Quantcheck,0
Nekodex,0
Solayer,0
Fantasy Top,0
Anzen,0
EVAA Protocol,0
Eigenpie,0
Oasis AI,0
Nexo,0
CEX.IO,0
Pencils Protocol,0
Plume Network,0
Cryptopia,0
OpenGPU Network,0
Iskra,0
Lingo,0
Gravita Protocol,0
Initia,0
Token Metrics,0
Gamium,0
Agora,0
Liquidium,0
AutoLayer,0
EtherMail,0
Vooi,0
Lyra,0
tea,0
M2,0
EYWA,0
Delabs Games,0
Dwinity,0
ThetaNuts Finance,0
World PvP,0
Thruster,0
Tari,0
Imaginary Ones,0
Glacier Network,0
Zyfi,0
Storm Trade,0
Phaver,0
Elfin,0
Masa,0
SpaceCatch,0
Mande Network,0
Xtremeverse,0
Fyde,0
Ekubo,0
CAGA,0
Sanctum,0
zkPass,0
My Lovely Planet,0
Tabi,0
Mode,0
Particle Network,0
XSwap,1
ZeroLend,0
Aperture Finance,0
MYTH,0
Immutable,0
Drift Protocol,0
Another-1,0
Raiinmaker,0
Blackwing,0
Kamino,0
Saltwater Games,0
UpRock,0
LunarStorm,0
Revolving Games,0
PlanetQuest,0
Zoth,0
IntentX,0
BeFi Labs,0
Reya Network,0
Moongate,0
Pixelverse,0
Apillon,0
Bemo,0
MilkyWay,0
Astaria,0
BSX,0
OrangeLayer,0
InceptionLRT,0
MANTRA,0
BounceBit,0
BlastOff,0
Soarchain,0
Elixir,0
Omni Network,0
Solv Protocol,0
Planet Mojo,0
Parcl,0
DTX,0
Ultimate Digits,0
MPRO Lab,0
Tensor,0
Pac Finance,0
OverTrip,0
BlockGames,0
Warden Protocol,0
Base Name Service,0
Scallop,0
SynFutures,0
StarryNift,0
Wormhole,1
Hava Coin,0
Battle Showdown: Gambit,0
Ethena,0
Data Ownership Protocol,0
Pryzm,0
COTI,0
A51,0
ZKE Exchange,0
Sharpe,0
Aries Markets,0
Elys Network,0
Haven1,0
Helix,0
Kelp DAO,0
mySwap,0
Braavos,0
Tortuga Finance,0
BNB Chain,0
Aptin Finance,0
UniRouter,0
Bitget Wallet,0
Aptos,0
beoble,0
Param Gaming,0
XYRO,0
Plena,0
Polyhedra Network,0
DFlow,0
zkLend,0
Defispot,0
Boson Protocol,1
Metis,0
DistrictOne,0
Layer3,0
Entangle,0
Panther Protocol,0
Memecoin,0
Teller,0
Gomble Games,0
Parallel Network,0
Venom,0
SYNTHR,0
Wen Exchange,0
YOLO Games,0
Lava,0
InvArch,0
KiloEx,0
Hana Network,0
MetaStreet,0
NuLink,0
Ambit Finance,0
Smart Layer,0
MON Protocol,0
Rio Network,0
Optimism,0
Blaster,0
StarkNet,0
AltLayer,0
Pixels,0
Aftermath Finance,0
AVNU,0
Bluefin,0
Overlay Protocol,0
ClayStack,0
Retro Bridge,0
Dymension,0
INIT Capital,0
BÂ² Network,0
Pike,0
ZetaChain,0
Partisia Blockchain,0
Aether,0
Nostra,0
edeXa,0
Undeads,0
Aether Games,0
Dmail Network,0
Presearch,0
Bitcoin Virtual Machine,0
StackingDAO,0
NAVI Protocol,0
Mind Network,0
XION,0
Ready To Fight,0
BRC-20 DEX,0
Web3Go,0
eesee,0
Unigraph Protocol,0
Virtual Labs,0
Manta Network,0
Sound.xyz,0
Reveel,0
CARV,0
Swell,0
Frame,0
TeleportDAO,0
Seamless Protocol,0
BRC20,0
Kinza Finance,0
Elusiv,0
Marinade,0
Jito,0
Term Structure,0
Hinkal,0
Patex,0
Pyth Network,0
Meuna,0
Satori,0
marginfi,0
Scroll Name Service,0
Aori,0
GRVT,0
ShanHai,0
Tezos Domains,0
Derivio,0
Celestia,0
BlueLight,0
Forcefi,0
Juice,0
Karak,0
RedStone,0
OKX,0
Mangrove,0
Altitude,0
Ambient,0
Connext,0
Okto x QuickSwap,0
Clipper,0
MoonlandMeta,0
Basilisk,0
Lightlink,0
Extra Finance,0
Chainflip,0
Web3Eco,0
Hubble Exchange,0
HMX,0
MELD,0
Worldcoin,0
DX25,0
Tsunami Finance,0
TapiocaDAO,0
Archway,0
zkSync id,0
Polygon zkEVM,0
Diva,0
Vela Exchange,0
Letit,0
WhiteBIT,0
Maverick Protocol,0
Tevaera,0
Velar,0
LunaFi,0
DBOE,0
Range Protocol,0
Cedro Finance,0
DigiFinex,0
BYDFi,0
Magic Square,0
StarkNet ID,0
Aark Digital,0
MUFEX,0
Foxify,0
PulseChain,1
Housebets.io,0
DexCheck,0
Rebel Bots,0
Hord,0
Cashmere,0
5ireChain,0
zkSync Name Service,0
Yum Yum,0
ZKX,0
Increment,0
The Lost Wallet,0
Linea,0
Polynomial Protocol,0
SyncSwap,0
Daoversal,0
Velvet.Capital,0
Huma Finance,0
SnowCone,0
Arbitrum,0
Quasar,0
Dune Analytics,0
SPACE ID,0
Legends of Elysium,0
Tide Exchange,0
AlienSwap,0
ZigZag,0
Collab.Land,0
Nexon Finance,0
EZ Finance,0
Olive,0
Enchanter Finance,0
Mayan,0
Sudoswap,0
Timeless,0
BillionAir,0
SupraOracles,0
IPOR,0
Neptune Mutual,0
NFT3,0
Demex,0
Specular,0
Hashstack,0
Brine,0
V2X,0
Supernova,1
Bebop,0
KwikTrust,0
Phi,0
Plenty,0
Swing,0
Spectrum Finance,0
Harbor Protocol,0
Sentiment,1
Vertex,0
Voltz,0
objkt.com,0
TiTi Protocol,0
JediSwap,0
Uniswap,1
Across,0
Mean Finance,0
Key App,0
ParaSpace,1
Layerswap,0
Aboard,0
MUN,0
Via Protocol,0
ChainHop,0
Cega,0
Wombat,0
MTG,0
Arrakis Finance,0
Dolomite,0
Deepwaters,0
BlueMove,0
OptiFi,0
Alpha Road,0
Sei,0
OpenChat,0
RabbitX,0
The Granary,0
Metaplex,0
Tectum,0
Onomy Protocol,0
Blur,0
Trustless,0
Verida,0
Xai,0
Commodo,0
Stratos,1
Teritori,0
XEN Crypto,0
Binance Account Bound (BAB),0
ZKEX,0
Helio Protocol,0
Karate Combat,0
Conic Finance,0
HTX,0
Odos,0
Ragnar Protocol,0
AllStars Digital,0
KuCoin,1
Xiroverse,0
Terran Coin,0
Quai Network,0
Dogechain,0
Portal,0
Cornerstone,0
Stride,0
Composable Finance,0
STRMNFT,0
Tegro,0
Quix,0
Bungee,0
StormGain,0
Primex,0
Tally Ho,0
Forta,0
Sweat Economy,0
ZORA,0
Velodrome,0
Chains,0
0VIX,0
Bonq,0
Epsylon,0
Ledn,0
RealMe,0
Matrix,0
Retrograde,0
Hop Protocol,0
Gem,0
Lend Flare,0
Armaldia,0
Leap Wallet,0
Bridgesplit,0
Fractional,0
Nebula Protocol,0
Orbofi,0
Styllar,0
Crescent Network,0
Tangible,0
Taki,0
ioTube,0
YoBit,0
Void Protocol,0
VINCI,0
Element Finance,0
LandDAO,0
cheqd,0
DAO Labs,0
Unagii,0
Nested,0
AssetMantle,0
Morpher,0
LimeWire,0
Mars Protocol,0
Findora,1
LikeCoin,0
Fuji DAO,0
Diffusion Finance,0
pSTAKE Finance,0
PartyBid,0
Frax,0
Craft Economy,0
X2Y2,1
CowSwap,0
Orbiter Finance,0
GameInfinity,0
Katana,1
Stargaze,0
Trust Domains,0
Fraktal,0
Votium,0
Pika Protocol,0
Nomic,0
Friktion,0
WhaleFin,0
Sonic,0
Quarry,0
OmniFlix,0
Chic Cow & Bullzz,0
Shell Protocol,0
Mintbase,0
Legion Network,0
Rubicon,0
Glow,0
Coinhall,0
LooksRare,0
StellarX,0
Coreum,0
Gas DAO,0
Astroport,0
Aztec,0
Terra Name Service,0
Lum Network,0
Francium,0
ICON,0
Paras,0
IOTA,0
Comdex,0
Volmex,0
iExec,0
Berachain,0
Die Last,0
Rabby Wallet,1
Grindery,0
Synonym,0
Terra World,0
Superfluid,1
Hardcore FC,0
Hedgehog Markets,0
Sablier,0
Desmos,0
Atrix,0
Instrumental Finance,0
TokenSets,0
Spintop,0
Phantom,0
Aquarius,0
Saddle Finance,1
DexGuru,0
ParaSwap,0
Matcha,1
Solanart,0
Foundation,0
Digital Arms,0
Gro Protocol,0
Gridlock,0
Paladin,0
Apricot Finance,0
Sologenic,0
TerraFloki,0
DeFi Saver,0
OneOf,0
BitYard,0
Zapper,1
HUMAN Protocol,0
Gaia EverWorld,0
Sportemon Go,0
Yield Protocol,0
Cozy Finance,0
Timeswap,0
Terra Land,0
Opyn,0
Symmetry,0
Apollo DAO,0
Solend,1
Terraswap,0
Talis Protocol,0
Flare Finance,0
Polymarket,0
Valkyrie Protocol,0
Slingshot,0
OpenSea,1
Shade Protocol,0
Roco Finance,0
Backd,0
Loop,0
Metamask,0
Nexus Protocol,0
Boba Network,0
Portuma,0
BrightID,0
InPoker,0
Adshares,0
Thales,0
Foil Network,0
Songbird,0
Tokel,0
BullionFX,0
Juno,0
Bitget,0
Remitano,0
Angel Protocol,0
StarTerra,0
Blockasset,0
SuperRare,0
HAI DAMO,0
Sunny,0
WEYU,0
dYdX,1
DFyn,0
Notional,0
Altair,0
ShapeShift,0
THORSwap,0
VoltNFT,0
OpenOcean,0
NFTb,0
hi,0
TAP,0
Moonbet,0
Spar Finance,0
Connect Financial,0
Osmosis,1
Pylon Protocol,0
GemBites,0
EarnBet,0
Orion Money,0
Omni,0
EmiSwap,0
CRD Network,0
Instadapp,1
Degenâs Farm,0
Blockster,0
Skyward Finance,1
MoonEdge,0
NEFTiPEDiA,0
Thorstarter,0
Arweave,0
APENFT,0
EasyBake,0
Honeyswap,0
Charged Particles,0
BarterTrade,0
Ribbon Finance,1
ZoidPay,0
QiSwap,0
Crypto Thrills,0
DoRen,0
SolPAD,0
Convex Finance,1
RunNode,0
Venus,1
ChainX,0
Revuto,0
Solanium,1
Impermax Finance,0
Avalaunch,0
Etherlite,0
Badger DAO,0
DeversiFi,0
Bribe,0
SORA,0
Maiar Exchange,0
HOPR,0
Aladdin,1
KLOMP,0
NFTMart,0
LOTTO,0
1inch,0
Affine,0
NovaDEX,0
Futureverse,0
Script Network,0
Secret Network,0
Hydra,0
My Lotto Coin,0
Anchor Protocol,1
Graphene,0
Utile Network,0
Donnie Finance,0
Sperax,0
PoolTogether,0
Sifchain,0
Neutrino Protocol,0
Bounce,0
Invest & Hodl,0
Furucombo,0
Lido,0
Chainge,0
OnX Finance,0
MarcoPolo Protocol,0
Phala Network,0
Mirror Protocol,1
Numio,0
Flare,1
SocialGood,0
Metex,0
TomoChain,0
Audius,1
SwanFinance,0
Plutus,0
DIA,0
Permission,0
Massnet,0
Symbol,1
Bitcoin Rhodium,0
Intexcoin,0
GoodDollar,0
ARCS,0
DeFiChain,0
Cypherium,0
Handshake,0
Pcash,0
SwissBorg,0
UniWorld,0
BABB,0
Bitribe,0
NowEx,0
DAO Maker,1
Escher,0
Bitbns,0
Ludena Protocol,0
PointPay,0
JUST,0
Relictum Pro,0
Storeum,0
StellarPayGlobal,0
DRK DeFi,0
Two Prime,0
PAC Global,0
FunderOne,0
Azbi,0
Storex,0
Blockpass,0
XinFin,0
1xBit,0
VNT Chain Labs,0
ICURY,0
Swapzone,0
Tandem,0
JDX,0
Global Gaming,0
Foodecent,0
NokNok,0
Minereum,0
Unochain,0
Social Club Rocks,0
KULAP,0
Petro,0
B One Payment,0
Personal Wager,0
Coalculus,0
Beldex,0
DAIN,0
Emirex,0
Bitcoin Turbo Koin Giveaway,0
Bancor,1
JIL TOKENS,0
K-Tune,0
ecxx,0
Pockero,0
Netspot Solutions,0
Limestone Network,0
P2P Club,0
BitCollar,0
Lino Network,0
Brave New Coin,0
Wavesbet,0
Riwigo,0
LiquidApps,0
HeroCoin,0
BlocBox,0
Morpheus Network,0
Neo Smart Energy,0
Stan World,0
Tune.fm,0
Swiftex,0
Diagon,0
ReFork,0
Apollo,0
Cryptocells,0
Freelanex,0
Beowulf Blockchain,0
FreedomOptions,0
2Key,0
Crypto Tribunal,0
TroyTrade,0
KAPPI,0
Kuvacash,0
ENOD,0
CUDOS,0
BitQuant,0
Binance JEX,0
Yezcoin,0
Validity,0
RIF,0
MediLiVes,0
Ormeus Ecosystem,0
INMINING,0
NOS Initiative,0
Maecenas,0
Nova Mining,0
Project WITH,0
Adrenaline AI,0
Hydro,0
OilWellCoin,0
Pynk,0
GCOX,0
Cocos BCX,0
Livetree,0
Felixo,0
WINk,0
TeleCoin,0
SpockChain,0
Arena Match,0
Discodery,0
Qtum,0
Netkoin,0
Algorand,0
Ten Billion Coin,0
OVR,0
BAGS token,0
AllForCrypto,0
Civic,0
Komodo,0
Netbox.Global,0
BRIKCOIN,0
PIEXGO,0
ParamountDax,0
Mediacoin,0
Dusk Network,0
Counos Platform,0
BTCOW,0
FIO Social,0
PBET,0
COINCOME,0
Comno Network,0
Blaze Protocol,0
Genesis,1
DocTailor,0
Fortem Capital,0
Authoreon,0
IdeaFeX,0
Ubrica,0
Typerium,0
VCC Exchange,0
Product Protocol,0
ETHplode,0
SDAT,0
Sparrow,0
Anchor,0
Creamcoin,0
CINDX,0
Atlas Protocol,0
PlasmaPay,0
Raven Protocol,0
Bcnex,0
Triffic,0
CoTrader,0
MimbleWimbleCoin,0
MiMiDi,0
Globatalent,0
Xprivate Chat,0
Homebloc,0
XR Web,0
SUKU,0
diamDEXX,0
Ampleforth,0
Minglechain,0
Bitwings,0
UHIVE,0
Tryvium,0
AiBB,0
Dukascoin,0
SixDomainChain,0
Crypto Market Ads,0
UniversalCoin,0
P2PS,0
SOCIAL CHAINS,0
Reserve Round 2,0
DVMarketplace,0
Bank of Hodlers,0
Opiria,0
Kozjin,0
BULLEX,0
AllSesame,0
Fesschain,0
Dayta,0
Mindexcoin,0
GRAYLL,0
Ferrum Network,0
TEN,0
NOIA Network,0
Matrix AI Network,0
AMUSE,0
MediConnect,0
BitTube,0
Authpaper,0
BTSCOIN,0
CoinHe,0
LocalCoin,0
StellarPay,0
IOTW,0
Cryptoxygen,0
CINEMADROM,0
Fusion Coin,0
CBNT,0
ODEM,0
EarthBi,0
Venoty,0
Futurepia,0
RTREE,0
Streamex,0
Tipestry,0
Betinance,0
BitForex,0
Coinquista,0
AMANPURI,0
Atomic Wallet,1
Five Colors Coin,0
EVEN Foundation,0
Konstellation,0
Gemstra,0
Chelle Coin,0
Pukkamex,0
AVXChange,0
eden.best,0
Licht Project,0
Trade Nexi,0
OpenWeb Network,0
Somesing,0
Vite,0
MADANA,0
Knowledge,0
Block and Chain,0
Monarch,0
Ally Network,0
Files.fm,0
Terra Credit,0
Tangle,0
Vecap,0
Havaex,0
FST Network,0
Vodi X,0
QuarkChain,0
Purple Butterfly Trading,0
Digitex,0
Omnity,0
Sheepcoin,0
QuiGig,0
UMA,0
VINE Protocol,0
Opensea Traders,0
Mofi Finance,0
POAP,0
Moozicore,1
CryptoSoul,0
Nodis,0
Solve.Care,0
4hiphop,0
Almeedex,0
Saiterm,0
XCOYNZ,0
BtcEX,0
VANM,0
HyperionX,0
Crypto Potential,0
WOWX,0
TriipMiles,0
YellowTradingCoin,0
Bluenote,0
Cogmento,0
XPChain,0
KRONN,0
GLAD Network,0
TheVault,0
CoinTiger,1
Precium Foundation,0
Global Cryptocurrency,0
Z-POP DREAM,0
WHIRL,0
Daily Coin News,0
BitTorrent,0
Hxro,0
DACC,0
Singh,0
POP Network,0
MESG,0
DataOnBlock,0
PROOF OF TOSS,0
TerraGreen,0
PaxPago,0
Afincoin,0
The Collective,0
LTO Network,0
Insights Network,0
Cloverdex,0
DecentraX,0
Volentix,0
Energi,0
Opu Labs,0
ShareMeAll,0
MyCryptoBank,0
Grailum Lab,0
Petchains,0
Paradise Token,0
Game Fanz,0
Konkrete,0
KlickZie,0
TradePlace,0
Ares Tech,0
HubrisOne,0
PerksCoin,0
Sentivate,0
Bitcoin Confidential,0
Dragonglass,0
THORChain,1
Griffex,0
Accumulus Threat Shield,0
EARNET,0
MobileGo,0
HotelLoad,0
DNN,0
Playgroundz,0
BitSong,0
OmniBazaar,0
Inmax,0
Platon Finance,0
idap.io,0
Levolution,0
Bethereum,0
GAMB,0
Ice Chain,0
Pareto Network,0
Solarex,0
Spectrum,0
Faba,0
Indochain,0
Liquid (Raffle),0
VeganNation,0
Dsion,0
Tokenville,0
Gooreo,0
PopulStay,0
Uris,0
Havven,0
CryptoBonusMiles,0
Jarvis,0
Bancryp,0
MEDoctor,0
Cubego,0
Unification,0
Mind AI,0
Cures Token,0
Mobile Token Bank,0
GoDDEX,0
SpringRole,0
Securypto,0
Dolla,0
Tune Token,0
V SYSTEMS,0
OcNet,0
Orbise,0
Sonata.ai,0
Phoneum,0
C2C,0
BitCanna,0
Smart Trade Coin,0
Wellmee,0
Varius World Tech,0
ZenSports,0
Raido,0
Biton,0
Tokedo,0
UniFox,0
One Solution,0
PGF500,0
Datafund,0
Trippki,0
Murmur,0
Rewards,0
Namacoin,0
THE 4TH PILLAR,0
QUBAY,0
SocialRemit,0
ALLIVE,0
Clear Foundation,0
TheFund.io,0
Qobit,0
GAMO Protocol,0
Bitozz,0
ND Invest,0
GG International,0
Tradesprite,0
VeryFile,0
TEMCO,0
Social Note,0
XRP by Huobi,0
X Infinity,0
FanChain,0
Fidelity House,0
Bitcademy,0
FiiiCoin,0
Platin,0
HintChain,0
London Block Exchange,0
Phoenix,0
Athero,0
BitValve,0
ARCC,0
Verity,0
Belacam,0
BlocPal,0
Mindsync,0
Velic,0
HighBank,0
FortFC,0
CurveBlock,0
Huddl,0
FEEDOCK,0
HARA,0
Vreo,0
HiLynk,0
Depository Network,0
Ellcrys,0
Bitpanda,0
Consensus,0
Stox,0
Mycro Jobs,0
Instant Sponsor,0
GoFind.World,0
MinedBlock,0
Crypt-ON,0
CoinJax,0
LEXIT,0
AIVON,0
Archetypal Network,0
B21,0
Open Packaging Network,0
Bistox Exchange,0
FortKnoxster,0
Connecty,0
Truwho,0
Hydro Protocol,0
Kidbizo,0
SIRIN LABS,0
Get Achieve,0
Bright Network,0
Sentinel,0
Certified Diamond Coin,0
idealcoin,0
GOZO,0
Smart Refinery Technologies,0
Javvy,0
STAYGE,0
Zulu Republic,0
Aelf,0
ETH Birds,0
weBloc,0
Superbloom,0
Rise,0
Bitsrent,0
Cryptocoin Insurance,0
Job.com,0
Bionic,0
Renaissance Engineering,0
Cubiex,0
Qredit,0
DigitalBits,0
IUNO,0
eMusic,0
Restart Energy,0
Infinitus,0
Lampix,0
Magnetics,0
AORA,0
Sportsfix,0
Qlear Protocol,0
MorLabs,0
WooshCoin,0
Coinbates,0
ONO,0
Triphop,0
Neironix,0
PowerChain,0
Xenia,0
Your Data Safe,0
Pigzbe,0
Balehu Protocol,0
Storiqa,0
Centaure,0
Loopring,0
AI Crypto,0
SPIN Protocol,0
Social Media Pay,0
ABBC foundation,0
REDi,0
LogisticsX,0
FasTrader,0
TokenBacon,0
SUAPP,0
DISTRICTS,0
ECTA,0
Silent Notary,0
Centive,0
PingPaid,0
Becent,0
XTribe,0
INLOCK,0
Krypti,0
ASOBI COIN,0
Borneo,0
Nerves Foundation,0
Tatau,0
Aenco,0
CyberVein,0
Karatcoin,0
ArtPro,0
Penchant,0
Parkade,0
NonZero,0
Cardonio,0
Sansox,0
Swachhcoin,0
Shopin,1
Blockkonnect,0
dClinic,0
X-Cash,0
Vibeo,0
Masternode Invest,0
Topex,0
Berminal,0
Expanse,0
Osmium Investment Coin,0
AURA,0
WMpro,0
Securix,0
UDAP,0
Olife,0
Curaizon,0
ODIN,0
Contents Protocol,0
Beverage Cash,0
XMax,0
Scienceroot,0
Spheroid Universe,0
X-Block,0
Buying,0
One Game,0
WOM Token,0
Caspian,0
iLink2Music,0
Natmin Pure Escrow,0
Kineticex,0
Zwoop,0
INDX Capital,0
PayX,0
Skynet,0
LoveBlock,0
TTC PROTOCOL,0
Bithereum,0
MOAC,0
Bitfam,0
Republia,0
FUNKEYpay,0
Papusha,0
iTrue,0
Beam,0
KiMex,0
Twogap,0
LATTICE80,0
Florafic,0
BitMart,0
Efforce,0
Spiking,0
Bidooh,0
imusify,0
ICOVO,0
Cloudbric,0
Tachain,0
WorkChain,0
BrokerNekoNetwork,0
SUBAJ,0
Scanetchain,0
Payperblock,0
Greenlink,0
55 Exchange,0
Finnoq,0
Platio,0
DX.Exchange,0
BCoin,0
Skrumble Network,0
EtherInc,0
MyOS,0
EurekaPro,0
Avatara,0
ODYSSEY,0
Rate3,0
Bouncy Coin,0
AgentMile,0
Hirefreehands,0
Denarii Cash,0
WebDollar,0
WeBuy,0
MECA Coin,0
ABELE GROUP,0
AGATE,0
Kronos Token,0
Wandx,0
Envoy,0
iRide,0
Synthetics AI,0
Symphony,0
Margin,0
GSC Aviation,0
Share Internet Data,0
MetaHash,0
HyperQuant,0
Kheper,0
Opporty,0
Blackbox Foundation,0
MedChain,0
VIDDO,0
GreenHashes,0
Pearl Pay,0
High Performance Blockchain,0
Conference Coin,0
YondoCoin,0
Kvantor,0
Jupiter Chain,0
ZeroState,0
MapCoin,0
EyeGlob.Net,0
Crypviser,0
MARAChain,0
NextPakk,0
Distributed Blocks,0
Fieldcoin,0
VEIAG,0
LockTrip,0
ZINC,0
Spl.yt,0
SilkChain,0
unitalent,0
CareerChain,0
CraftR,0
Thingschain,0
Hashgard,0
Daviescoin,0
Contractium,0
MOBU,0
Philanthor,0
Medipedia,0
TLPAC,0
Sports Ledger,0
Real Estate Doc,0
CAREONchain,0
Project H,0
DREAM & INDORSE,0
BuratinoBS,0
OpenBrix,0
VU Token,0
BolieCoin,0
CampusCoin,0
RIPAEX,0
BlockVest,1
NeoPlace,0
INTRO,0
GStar Ecosystem,0
Everipedia,0
ZeroBank,0
Vidy,0
Attrace,0
SVPER,0
RockerCoin,0
Rays Network,0
Tokenize,0
Dream Real,0
Asian Develop Coin,0
AIRSTAYZ,0
YINC,0
BLOXIA,0
Color,0
Watermelonblock,0
Hurtle Coin,0
BIGBANG,0
Starflow,0
MYTC,0
Aniko,0
W Green Pay,0
GUARIUM,0
Prime Shipping Foundation,0
Propy,0
Easy Trading Platform,0
DNeT,0
Meritt protocol,0
STAR BIT,0
MulTra,0
Expercoin,0
Kava,0
Bytemine,0
UNICO,0
Diro,0
Gratzio,0
Bixtrim,0
Inmediate,0
JSEcoin,0
MediLOT,0
PCHAIN,0
HELIX Orange,0
Shipit,0
Miracle Tele,0
Runs,0
IGNITE,0
eLYQD,0
Bailsman,0
Lambda,0
Rubius,0
Svandis,0
AllSporter,0
Playrs,0
CoinAnalyst,0
Spokkz,0
Zantepay,0
Cure Cosplay,0
WAB Network,0
Liquid8,0
Fanship,0
Inmusik,0
CrowdToken,0
OSA,0
moolyacoin,0
Hyperbridge,0
TombCare,0
Tuurnt,0
Usechain,0
Storeplex,0
ParcelX,0
APRES,0
Blockhive,0
Creatanium,0
TradeRiser,0
RedCab,0
Monopoly,0
Sharevest,0
Explorio,0
EPIPHANY,0
BUMO,0
Barrel,0
CryptoMillionsLotto,0
ImmVRse,0
Atidium,0
DTO,0
Provoco,0
TraXion,0
BitEsprit,0
HEROIC.com,0
Dench Music,0
Versara Trade,0
MiBoodle,0
HelloGold,0
ODMCoin,0
Waves,0
MEvU,0
Casper API,0
Lition,0
SciDex,0
Betform,0
Yanu,0
Little Phil,0
Monoreto,0
Grapevine World,0
Blockonomics,0
Nauticus,0
Further Network,0
Breezecoin,0
RAcoin,0
TRESARO,0
Wemark,0
Setteo,0
ERN,0
Terawatt,0
CryptovationX,0
Feedchain,0
Basis Neuro,0
Staramba,0
re:factor,0
GreenX,0
FTW,0
Atlantis Blue,0
Parkres,0
LendsBay,0
0xcert,0
Humanscape,0
CrowdIF,0
VideoCoin,0
Nebula,0
NeoNameService,0
Sparkster,0
Buddy,0
CrypStock,0
Luvdub,0
Aworker,0
QLC Chain,0
Sponsy,0
Menlo One,0
WeSend,0
InsCoin,0
ExTrade,0
MUXE,0
Lina,0
Zoidcoin,0
Origin Sport,0
No BS Crypto,0
Cosmecoin,0
Railz,0
ContentBox,0
rLoop,0
Bitney,0
APIS,0
XMED Chain,0
IndiCoin,0
Nobar,0
Coinself,0
MAKEAFOLIO,0
Iris.ai,0
Deedcoin,0
DAV,0
Find.Exchange,0
INGOT Coin,0
Profede,0
Box 2 Table,0
GlobeCas,0
GOeureka,0
Xeeda,0
RecordsKeeper,0
DATAVLT,0
Jibbit,0
Loyakk,0
AVINOC,0
TokenUnion,0
Root Blockchain,0
Ormeus Coin,1
CryptoRiya,0
Mjolnir Guard,0
Daox,0
PavoCoin,0
Brainmab,0
Viewo,0
FanFare,0
Crystals,0
XGenomics,0
Gese,0
ASKfm 2.0,0
B2BX,0
Lamoneda,0
Accounting Blockchain,0
Energi Token,0
Nebeus,0
iRegMed,0
Paygine,0
Ivy,0
Binex.Trade,0
Selfie GO,0
Clash & GO,0
Miner Edge,0
Keplertek,0
Ink,0
Kimera,0
Prime Ball,0
Aitheon,0
TaTaTu,0
SupPorter,0
Neodium Network,0
Acudeen,0
EasyLoot,0
VIMANA,0
DeNet,0
Goldma,0
Ommer,0
Viva Network,0
LeadRex,0
PO8,0
SmartMesh,0
ATN,0
Luna,0
Fenix,0
SuccessLife,0
Planport,0
DateCoin,0
ArchiCoin,0
CryptoHIT,0
JioJioMe,0
Genexi,0
mCoin,1
CONDA,0
Koumei,0
HODLit Network,0
SKYFchain,0
Coinyspace,0
Fructus,0
Horizon,0
KanadeCoin,0
Xriba,0
TowerBee,0
MST,0
ETHERC,0
Elepig,0
DINO,0
LaborCrypto,0
MD Tokens,0
BitImage,0
Byteball,0
GrabAMeal,0
GLEDOS,0
CarLive Chain,0
WONO,0
SelfSell,0
Acute Coin,0
CryptoFlix,0
HubToken,0
ICO Pass,0
Amicorum Live,0
Global REIT,0
WizeBit,0
Zichain,0
Tradingene,0
OkeyDokey,0
Birdchain,0
FreelancerCoin,0
Blue Whale,0
GoldMint,0
EvolutionOS,0
Linfinity,0
Cortex,0
Crowd for Angels,0
Iconiq Lab,0
Arousal,0
CGCX,0
WULET,0
Elysian,0
Coinet,0
Lancer Network,0
Safe Haven,0
ARAW Token,0
DirectHome,0
Buzcoin,0
DICEGAME,0
BeepBeep Nation,0
ABCC Exchange,0
Deconet,0
DataBlockchain,0
CarBlock,0
Bulleon,0
CoinCrowd,0
RankingBall,0
Bubbletone,0
MPCX,0
BlockStorage,0
XcelToken Plus,0
XCHNG,0
TrustLogics,0
BitRent,0
Free Market Token,0
StarChain,0
ABitchain,0
Check-Car,0
AI Gaming,0
AbacasXchange,0
Ether joy,0
Blockport,0
ConcertVR,0
BitMinutes,0
BFEX,0
Hangry Animals,0
Argent,0
Limocoinswap,0
Socean,0
CFun,0
Coin Governance System,0
Cryde,0
Belotto,0
Terra Virtua,0
Olympus Labs,0
Proton,0
Touch. Social Network,0
Zeex,0
AutoBay,0
CargoChain,0
4NEW,0
Moveco,0
GladAge,0
Indorse,0
Unboxed,0
MetaMorph,0
Delicia,0
0Chain,0
Esports Chain,0
Smart Trip Platform,0
TrustNote,0
Parsec Frontiers,0
Mine Coin,0
BITRUST,0
DeepToken,0
Workcoin,0
McFly,0
CoinMetro,0
Kryptono Exchange,0
dApp Builder,0
PreVUE,0
EthicHub Twitter,0
Urbit,0
Boosto,0
Assettoken,0
Anything App,0
Pointium,0
BIOK,0
BITMILLEX,0
Bidipass,0
Sentinel Protocol,0
MoneyToken,0
Bitsum,0
Endorsit,0
SDChain,0
Mingo,0
LibertyLance,0
Block Broker,0
Hyperion,0
Golden Currency,0
DigiPulse,0
EXCHAIN,0
Spindle,0
SEDA,0
ViValid,0
MBYS,0
Xenchain,0
Kakushin,0
EVO,0
Strykz,0
KELTA,0
RAWG,0
AICT,0
Meshbox,0
eosDAC,0
EatMeCoin,0
Superset,0
Coinpaws,0
Trident Group,0
Prontapay,0
Akaiito,0
SmartO,0
ENTRY,0
Digitize,0
VinChain,0
Bit.Game,0
Pecunio,0
LabStart,0
Vexanium,0
QRYPTOS Exchange,0
THEKEY,0
EchoLink,0
EthicHub,0
Marginless,0
ABLE,0
Cosmochain,0
ChronoBank,0
BitRewards,0
Vanig,0
London Football Exchange,0
LemoChain,0
SurruS,0
CPROP,0
Bundle,0
3DES,0
Contract Vault,0
Modex,0
Modorr,0
BitFence,0
MaxiMine,0
Biotron,0
Berith,0
Moneda,0
CyteCoin,0
BitLumens,0
Union,0
BHOM,0
Potentiam,0
Emrify,0
Hai Project,0
LangNet,0
Ambr,0
Snovio,0
Alvalor,0
Triggmine,0
Thorium,0
Sport X,0
MOS,0
VRT World,0
DateMe,0
Helios Protocol,0
Gravity GZRO,0
Gosama,0
LaneAxis,0
CRYPTTO,0
Sleecoin,0
NAU,0
TrigID,0
VeChain,1
NWP Solution,0
Kinguin,0
Goldiam,0
First Trading Ecosystem,0
Cybereits,0
Blocknubie,0
HOLD,0
BCharity,0
ALAX,0
Blockchain Hotels 2.0,0
Crypto Angel,0
Flashmoni,0
BLACKFOL.IO,0
Disciplina,0
Birake,0
ExtraCredit,0
HowDoo,0
SANCOJ,0
Smart Unit,0
Papyrus,0
WeiCrowd,0
Talao,0
Etheal,0
StasyQ,0
BTU Protocol,0
Pantos by Bitpanda,0
Safein,0
Eniac Network,0
Fox Trading,0
Decibels,0
MF Chain,0
Cryptelo,0
Cartel,0
Bobâs Repair,0
Measurable Data Token,0
Blok,0
AdSigma,0
PayVX,0
Instant Assets Tokens,0
Algebraix,0
Chimaera,0
Essentia,0
Pibble,0
eCharge,0
Flux,0
LAPO,0
VeriME,0
Crestonium,0
OS University,0
Friend Unifying Platform,0
Photochain,0
Aeternum,0
Xmoneta,0
Aphelion,0
Koios,0
Blockshipping,0
AIDA Service,0
Trifid,0
DarcMatter,0
Signals,0
Oyster Shell,0
CashBag,0
Viola,0
Cappasity,0
PHI,0
Biograffi,0
Gluon,0
Fishcoin,0
BZLcoin,0
A2B Taxi,0
Monanex,0
Gladius,0
Elementh,0
Callisto,0
CIBUS,0
ConnectJob,0
BitNautic,0
WOTER,0
Ethearnal,0
Bitcore,0
Game Loot Network,0
MyDFS,0
Semux,0
Storweey,0
WAR FIELD,0
Leonardian,0
Cornucopia,0
Tutellus,0
Corl,0
Prandex,0
Dizcovery Network,0
BlockFollow,0
webRunes,0
Invest in Brokers,0
ApolloChain,0
uRunIt,0
AllStocks,0
